Bingning_Wang,Kang_Liu_0001,Jun_Zhao_0001
Dalin_Zhang,Lina_Yao,Kaixuan_Chen,Sen_Wang_0001
Han_Guo,Juan_Cao,Yazi_Zhang,Junbo_Guo,Jintao_Li
Andrés_Muñoz_Medina,Sergei_Vassilvitskii,Dong_Yin
Junqi_Zhang,Yiqun_Liu_0001,Shaoping_Ma,Qi_Tian
Zhuoren_Jiang,Liangcai_Gao,Ke_Yuan,Zheng_Gao,Zhi_Tang,Xiaozhong_Liu
Tiezheng_Ge,Liqin_Zhao,Guorui_Zhou,Keyu_Chen,Shuying_Liu,Huiming_Yi,Zelin_Hu,Bochao_Liu,Peng_Sun,Haoyu_Liu,Pengtao_Yi,Sui_Huang,Zhiqiang_Zhang_0011,Xiaoqiang_Zhu,Yu_Zhang,Kun_Gai
Nicola_Ferro_0001,Claudio_Lucchese,Maria_Maistro,Raffaele_Perego_0001
Hongtao_Wang_0002,Pan_Su,Miao_Zhao,Hongmei_Wang,Gang_Li
Mohammad_Aliannejadi,Hamed_Zamani,Fabio_Crestani,W._Bruce_Croft
Kan_Ren,Yuchen_Fang,Weinan_Zhang_0001,Shuhao_Liu,Jiajun_Li,Ya_Zhang,Yong_Yu_0001,Jun_Wang_0012
Chen_Ma,Yingxue_Zhang,Qinglong_Wang,Xue_Liu_0001
Zafar_Habeeb_Syed,Michael_Röder,Axel-Cyrille_Ngonga_Ngomo
Tadele_Tedla_Damessie,J._Shane_Culpepper,Jaewon_Kim,Falk_Scholer
Rohan_Ramanath,Hakan_Inan,Gungor_Polatkan,Bo_Hu,Qi_Guo,Cagri_Ozcaglar,Xianren_Wu,Krishnaram_Kenthapadi,Sahin_Cem_Geyik
Harrie_Oosterhuis,Maarten_de_Rijke
Ellen_M._Voorhees
Ardavan_Afshar,Ioakeim_Perros,Evangelos_E._Papalexakis,Elizabeth_Searles,Joyce_C._Ho,Jimeng_Sun
Konstantina_Bereta,Manolis_Koubarakis,Stefan_Manegold,George_Stamoulis,Begüm_Demir
Çigdem_Aslay,Muhammad_Anis_Uddin_Nasir,Gianmarco_De_Francisci_Morales,Aristides_Gionis
Vachik_S._Dave,Baichuan_Zhang,Mohammad_Al_Hasan,Khalifeh_AlJadda,Mohammed_Korayem
Sahin_Cem_Geyik,Vijay_Dialani,Meng_Meng,Ryan_Smith
Paolo_Ciaccia,Davide_Martinenghi
Varvara_Kalokyri,Alexander_Borgida,Amélie_Marian
Prayag_Tiwari,Massimo_Melucci
Lucio_F._D._Santos,Gustavo_Blanco,Daniel_de_Oliveira_0001,Agma_J._M._Traina,Caetano_Traina_Jr.,Marcos_V._N._Bedo
Cheng_Cao,Zhengzhang_Chen,James_Caverlee,Lu-An_Tang,Chen_Luo,Zhichun_Li
Edward_Raff,Jared_Sylvester,Charles_Nicholas
Zhitao_Wang,Chengyao_Chen,Wenjie_Li_0002
Xiaofei_Zhu,Khoi_Duy_Vo,Jiafeng_Guo,Jiangwu_Long
Weijie_Zhu,Chen_Chen_0017,Xiaoyang_Wang_0002,Xuemin_Lin_0001
Negar_Arabzadeh,Hossein_Fani,Fattane_Zarrinkalam,Ahmed_Navivala,Ebrahim_Bagheri
Meng-Fen_Chiang,Ee-Peng_Lim,Wang-Chien_Lee,Tuan-Anh_Hoang
Michalis_Vazirgiannis,Fragkiskos_D._Malliaros,Giannis_Nikolentzos
Libing_Wu,Cong_Quan,Chenliang_Li,Donghong_Ji
Yongshun_Gong,Zhibin_Li_0002,Jian_Zhang_0002,Wei_Liu_0007,Yu_Zheng,Christina_Kirsch
Yan_Xiao,Jiafeng_Guo,Yanyan_Lan,Jun_Xu_0001,Xueqi_Cheng
Yuxin_Su,Michael_R._Lyu,Irwin_King
Dhruv_Khattar,Vaibhav_Kumar,Vasudeva_Varma,Manish_Gupta_0001
Pooja_A,Naveen_Nair,Rajeev_Rastogi
Yongfeng_Zhang,Xu_Chen_0017,Qingyao_Ai,Liu_Yang_0005,W._Bruce_Croft
Ying_Lin,Zhengzhang_Chen,Cheng_Cao,Lu-An_Tang,Kai_Zhang_0001,Wei_Cheng_0002,Zhichun_Li
Shaoyun_Shi,Min_Zhang_0006,Yiqun_Liu_0001,Shaoping_Ma
Yoelle_Maarek
Jiajing_Zhu,Yongguo_Liu,Shangming_Yang,Shuangqing_Zhai,Zhang_Yi_0001,Chuanbiao_Wen
Renqin_Cai,Xueying_Bai,Zhenrui_Wang,Yuling_Shi,Parikshit_Sondhi,Hongning_Wang
Mengting_Wan,Di_Wang,Jie_Liu_0001,Paul_Bennett,Julian_J._McAuley
Tobias_Backes
Noa_Avigdor-Elgrabli,Roei_Gelbhart,Irena_Grabovitch-Zuyev,Ariel_Raviv
Dongha_Lee,Jinoh_Oh,Christos_Faloutsos,Byungju_Kim,Hwanjo_Yu
San_Kim,Guoliang_Li_0001,Jianhua_Feng,Kaiyu_Li
Ruijie_Wang_0004,Yuchen_Yan,Jialu_Wang,Yuting_Jia,Ye_Zhang,Weinan_Zhang_0001,Xinbing_Wang
Giannis_Nikolentzos,Michalis_Vazirgiannis
Jyun-Yu_Jiang,Wei_Wang_0010
Adit_Krishnan,Ashish_Sharma,Hari_Sundaram
Alfan_Farizki_Wicaksono,Alistair_Moffat
Kyosuke_Nishida,Itsumi_Saito,Atsushi_Otsuka,Hisako_Asano,Junji_Tomita
Darío_Garigliotti,Krisztian_Balog
Fangzhao_Wu,Chuhan_Wu,Junxin_Liu
Alan_Medlar,Dorota_Glowacka
Chia-An_Yu,Ching-Lun_Tai,Tak-Shing_Chan,Yi-Hsuan_Yang
Mark_Heimann,Haoming_Shen,Tara_Safavi,Danai_Koutra
Smit_Marvaniya,Swarnadeep_Saha,Tejas_I._Dhamecha,Peter_Foltz,Renuka_Sindhgatta,Bikram_Sengupta
Caitlin_Kuhlman,MaryAnn_Van_Valkenburg,Diana_Doherty,Malika_Nurbekova,Goutham_Deva,Zarni_Phyo,Elke_A._Rundensteiner,Lane_Harrison
Bryan_Hooi,Leman_Akoglu,Dhivya_Eswaran,Amritanshu_Pandey,Marko_Jereminov,Larry_T._Pileggi,Christos_Faloutsos
Razvan-Gabriel_Cirstea,Darius-Valer_Micu,Gabriel-Marcel_Muresan,Chenjuan_Guo,Bin_Yang_0002
Yi_Zhang_0054,Jianguo_Lu,Ofer_Shai
Ken_Mizusawa,Keishi_Tajima,Masaki_Matsubara,Toshiyuki_Amagasa,Atsuyuki_Morishima
Dhruv_Khattar,Vaibhav_Kumar,Vasudeva_Varma,Manish_Gupta_0001
Antoine_Dedieu,Rahul_Mazumder,Zhen_Zhu,Hossein_Vahabi
Petr_Sojka,Michal_Ruzicka,Vít_Novotný
Wang-Cheng_Kang,Mengting_Wan,Julian_J._McAuley
Jian_Kang,Scott_Freitas,Haichao_Yu,Yinglong_Xia,Nan_Cao,Hanghang_Tong
Yaochen_Hu,Di_Niu,Jianming_Yang
Haoti_Zhong,Anna_Cinzia_Squicciarini,David_J._Miller_0001
Fan_Fang,Bo-Wen_Zhang,Xu-Cheng_Yin,Hai-Xia_Man,Fang_Zhou
Dwaipayan_Roy,Debasis_Ganguly,Sumit_Bhatia,Srikanta_Bedathur,Mandar_Mitra
Theodoros_Tzouramanis,Eleftherios_Tiakas,Apostolos_N._Papadopoulos,Yannis_Manolopoulos
Igor_Kuralenok,Natalia_Starikova,Aleksandr_Khvorov,Julian_Serdyuk
Jiaheng_Lu,Irena_Holubová,Bogdan_Cautis
Yan_Li,Tingjian_Ge,Cindy_X._Chen
Omar_Khattab,Mohammad_Hammoud,Omar_Shekfeh
Jin_Yao_Chin,Kaiqi_Zhao_0001,Shafiq_R._Joty,Gao_Cong
Xiaoli_Li_0013,Jun_Huan
Ximing_Li,Changchun_Li,Jinjin_Chi,Jihong_Ouyang,Chenliang_Li
Praveen_Chandar,Ben_Carterette
Edoardo_Galimberti,Alain_Barrat,Francesco_Bonchi,Ciro_Cattuto,Francesco_Gullo
Makoto_P._Kato,Tomohiro_Manabe,Sumio_Fujita,Akiomi_Nishida,Takehiro_Yamamoto
Xuming_Lin,Ruifang_Liu,Yiwei_Li
Chao_Huang_0001,Junbo_Zhang,Yu_Zheng,Nitesh_V._Chawla
Yingmei_Chen,Zhongyu_Wei,Xuanjing_Huang
Nuhad_Shaabani,Christoph_Meinel
Saeid_Balaneshinkordan,Alexander_Kotov,Fedor_Nikolaev
Shreshtha_Mundra,Sachin_Kumar_0009,Manjira_Sinha,Sandya_Mannarswamy
Hao_Li_0025,Kenli_Li_0001,Ji-yao_An,Keqin_Li_0001
Bo_Song,Xin_Yang,Yi_Cao,Congfu_Xu
Raghuram_Vadapalli,Bakhtiyar_Syed,Nishant_Prabhu,Balaji_Vasan_Srinivasan,Vasudeva_Varma
Lei_Mei,Pengjie_Ren,Zhumin_Chen,Liqiang_Nie,Jun_Ma_0001,Jian-Yun_Nie
Christophe_Van_Gysel,Maarten_de_Rijke,Evangelos_Kanoulas
Tien-Hsuan_Wu,Zhiyong_Wu,Ben_Kao,Pengcheng_Yin
Felipe_Viegas,Washington_Luiz,Christian_Gomes,Amir_Khatibi,Sérgio_D._Canuto,Fernando_Mourão,Thiago_Salles,Leonardo_C._da_Rocha,Marcos_André_Gonçalves
Ziqi_Liu,Chaochao_Chen_0001,Xinxing_Yang,Jun_Zhou_0011,Xiaolong_Li_0005,Le_Song
Songwei_Ge,Zhicheng_Dou,Zhengbao_Jiang,Jian-Yun_Nie,Ji-Rong_Wen
Binbin_Hu,Chuan_Shi,Wayne_Xin_Zhao,Tianchi_Yang
Thanh_Tran_0005,Kyumin_Lee,Yiming_Liao,Dongwon_Lee_0001
Ziwei_Zhu,Xia_Hu,James_Caverlee
Tuan-Anh_Hoang,Khoi_Duy_Vo,Wolfgang_Nejdl
Mohammadreza_Esfandiari,Senjuti_Basu_Roy,Sihem_Amer-Yahia
Mirela_T._Cazzolato,Agma_J._M._Traina,Klemens_Böhm
Xian_Wu,Baoxu_Shi,Yuxiao_Dong,Chao_Huang_0001,Louis_Faust,Nitesh_V._Chawla
Tim_Repke,Ralf_Krestel,Jakob_Edding,Moritz_Hartmann,Jonas_Hering,Dennis_Kipping,Hendrik_Schmidt,Nico_Scordialo,Alexander_Zenner
Cristina_Menghini,Jessica_Dehler-Zufferey,Robert_West_0001
Fan_Zhou_0002,Bangying_Wu,Yi_Yang,Goce_Trajcevski,Kunpeng_Zhang,Ting_Zhong
Adam_Tsakalidis,Nikolaos_Aletras,Alexandra_I._Cristea,Maria_Liakata
Tabassum_Kakar,Xiao_Qin_0003,Andrew_Schade,Brian_McCarthy,Huy_Quoc_Tran,Brian_Zylich,Elke_A._Rundensteiner,Lane_Harrison,Sanjay_K._Sahoo,Suranjan_De
Joachim_Van_Herwegen,Pieter_Heyvaert,Ruben_Taelman,Ben_De_Meester,Anastasia_Dimou
Alexey_Borisov,Julia_Kiseleva,Ilya_Markov,Maarten_de_Rijke
Mücahid_Kutlu,Tamer_Elsayed,Maram_Hasanain,Matthew_Lease
Michael_Loster,Felix_Naumann,Jan_Ehmueller,Benjamin_Feldmann
Abhijin_Adiga,Vanessa_Cedeno-Mieles,Chris_J._Kuhlman,Madhav_V._Marathe,S._S._Ravi,Daniel_J._Rosenkrantz,Richard_Edwin_Stearns
Stefano_Ceri,Arif_Canakoglu,Andrea_Gulino,Abdulrahman_Kaitoua,Marco_Masseroli,Luca_Nanni,Pietro_Pinoli
Mark_Wilhelm,Ajith_Ramanathan,Alexander_Bonomo,Sagar_Jain,Ed_H._Chi,Jennifer_Gillenwater
Huizhe_Wu,Wei_Zhang,Weiwei_Shen,Jun_Wang
Junliang_Yu,Min_Gao_0001,Jundong_Li,Hongzhi_Yin,Huan_Liu_0001
Xuanhui_Wang,Cheng_Li_0012,Nadav_Golbandi,Michael_Bendersky,Marc_Najork
Seyyed_Hadi_Hashemi,Kyle_Williams,Ahmed_El_Kholy,Imed_Zitouni,Paul_A._Crook
Fenglong_Ma,Quanzeng_You,Houping_Xiao,Radha_Chitta,Jing_Zhou,Jing_Gao_0004
Vineeth_Rakesh,Ruocheng_Guo,Raha_Moraffah,Nitin_Agarwal,Huan_Liu_0001
Bo_Xu,Zheng_Luo,Luyang_Huang,Bin_Liang,Yanghua_Xiao,Deqing_Yang,Wei_Wang_0009
Iman_Elghandour,Ahmet_Kara_0002,Dan_Olteanu,Stijn_Vansummeren
Avirup_Saha,Bidisha_Samanta,Niloy_Ganguly,Abir_De
Ebrahim_Bagheri,Faezeh_Ensan,Feras_N._Al-Obeidat
Jayant_Gupchup,Yasaman_Hosseinkashi,Pavel_A._Dmitriev,Daniel_Schneider,Ross_Cutler,Andrei_Jefremov,Martin_Ellis
Mengdie_Zhuang,Elaine_G._Toms,Gianluca_Demartini
Vít_Novotný
Qiaolin_Xia,Peng_Jiang_0003,Fei_Sun_0001,Yi_Zhang,Xiaobo_Wang,Zhifang_Sui
Damianos_P._Melidis,Myra_Spiliopoulou,Eirini_Ntoutsi
Jun_Hu,Ping_Li_0001
Yuanyuan_Xu_0002,Jun_Wang_0023,Shuai_An,Jinmao_Wei,Jianhua_Ruan
Shaohua_Fan,Chuan_Shi,Xiao_Wang_0017
Alican_Büyükçakir,Hamed_R._Bonab,Fazli_Can
Donghyeon_Kim,Jinhyuk_Lee,Donghee_Choi,Jaehoon_Choi,Jaewoo_Kang
Takehiro_Yamamoto,Yusuke_Yamamoto,Sumio_Fujita
Ruqing_Zhang,Jiafeng_Guo,Yixing_Fan,Yanyan_Lan,Jun_Xu_0001,Huanhuan_Cao,Xueqi_Cheng
Diego_Calvanese,Guohui_Xiao_0001
Zhitao_Wang,Chengyao_Chen,Ke_Zhang,Yu_Lei_0004,Wenjie_Li_0002
Qikai_Liu,Xiang_Cheng_0003,Sen_Su,Shuguang_Zhu
Hongwei_Wang_0004,Fuzheng_Zhang,Jialin_Wang,Miao_Zhao,Wenjie_Li_0002,Xing_Xie_0001,Minyi_Guo
Yukun_Ding,Jinglan_Liu,Jinjun_Xiong,Meng_Jiang_0001,Yiyu_Shi
Atsushi_Miyauchi_0001,Naonori_Kakimura
Shreya_Rajpal,Aditya_G._Parameswaran
Evangelos_E._Papalexakis,Konstantinos_Pelechrinis
Junqi_Jin,Chengru_Song,Han_Li,Kun_Gai,Jun_Wang_0012,Weinan_Zhang_0001
Xijun_Li,Jianguo_Yao,Mingxuan_Yuan,Jia_Zeng
Thông_T._Nguyên,Siu_Cheung_Hui
Ming_Ding,Jie_Tang_0001,Jie_Zhang
Xiaoyu_Liu,Shunda_Pan,Qi_Zhang_0001,Yu-Gang_Jiang,Xuanjing_Huang
Sara_Amini,Vahid_Noroozi,Amit_Pande,Satyajit_Gupte,Philip_S._Yu,Chris_Kanich
Yadan_Luo,Ziwei_Wang,Zi_Huang,Yang_Yang_0002,Cong_Zhao
Haoyu_Zhang,Qin_Zhang_0001,Haixu_Tang
Aditya_Pal,Deepayan_Chakrabarti
Zhuo_Li_0010,Hongwei_Wang_0004,Miao_Zhao
Pengfei_Xu_0004,Jiaheng_Lu
Di_Wu_0035,Xiujun_Chen,Xun_Yang,Hao_Wang_0003,Qing_Tan,Xiaoxun_Zhang,Jian_Xu,Kun_Gai
Yun_Liu,Xiaoming_Zhang_0001,Feiran_Huang,Zhoujun_Li
Jianlong_Wu,Zhouchen_Lin,Hongbin_Zha
Charles_Chen,Sungchul_Kim,Hung_Bui,Ryan_A._Rossi,Eunyee_Koh,Branislav_Kveton,Razvan_C._Bunescu
Xuan_Wu,Lingxiao_Zhao,Leman_Akoglu
Runlong_Yu,Yunzhou_Zhang,Yuyang_Ye,Le_Wu,Chao_Wang_0086,Qi_Liu_0003,Enhong_Chen
Seyyed_Hadi_Hashemi,Kyle_Williams,Ahmed_El_Kholy,Imed_Zitouni,Paul_A._Crook
Hamed_Zamani,Mostafa_Dehghani_0001,W._Bruce_Croft,Erik_G._Learned-Miller,Jaap_Kamps
Yunlun_Yang,Yu_Gong,Xi_Chen
Behrooz_Omidvar-Tehrani,Sihem_Amer-Yahia
Madhav_Nimishakavi,Bamdev_Mishra,Manish_Gupta_0001,Partha_Pratim_Talukdar
Saiping_Guan,Xiaolong_Jin,Yuanzhuo_Wang,Xueqi_Cheng
Quan_Yuan_0001,Xiang_Ren_0001,Wenqi_He,Chao_Zhang_0014,Xinhe_Geng,Lifu_Huang,Heng_Ji,Chin-Yew_Lin,Jiawei_Han_0001
Beidou_Wang,Xin_Guo_0006,Martin_Ester,Ziyu_Guan,Bandeep_Singh,Yu_Zhu,Jiajun_Bu,Deng_Cai_0001
Zhen_Jia,Abdalghani_Abujabal,Rishiraj_Saha_Roy,Jannik_Strötgen,Gerhard_Weikum
Boris_Sharchilev,Michael_Roizner,Andrey_Yu._Rumyantsev,Denis_Ozornin,Pavel_Serdyukov,Maarten_de_Rijke
Issac_Buenrostro,Abhishek_Tiwari,Vasanth_Rajamani,Erman_Pattuk,Zhixiong_Chen
André_Mourão,João_Magalhães
Fei_Sun_0001,Peng_Jiang_0003,Hanxiao_Sun,Changhua_Pei,Wenwu_Ou,Xiaobo_Wang
Xiangsheng_Li,Yiqun_Liu_0001,Jiaxin_Mao,Zexue_He,Min_Zhang_0006,Shaoping_Ma
Matteo_Catena,Ophir_Frieder,Nicola_Tonellotto
Dung_D._Le,Hady_W._Lauw
Alfredo_Cuzzocrea,Francesco_Bonchi,Dimitrios_Gunopulos
Tung_Kieu,Bin_Yang_0002,Chenjuan_Guo,Christian_S._Jensen
Pengyuan_Li_0001,Xiangying_Jiang,Hagit_Shatkay
Jun_Xu,Siqi_Shen,Dongsheng_Li_0001,Yongquan_Fu
Konstantina_Bereta,Hervé_Caumont,Erwin_Goor,Manolis_Koubarakis,Despina-Athanasia_Pantazi,George_Stamoulis,Sam_Ubels,Valentijn_Venus,Firman_Wahyudi
Qi_Song,Bo_Zong,Yinghui_Wu,Lu-An_Tang,Hui_Zhang,Guofei_Jiang,Haifeng_Chen
Kevin_Villalobos,Borja_Diez,Arantza_Illarramendi,Alfredo_Goñi,José_Miguel_Blanco
Jingbo_Shang,Jiaming_Shen,Tianhang_Sun,Xingbang_Liu,Anja_Gruenheid,Flip_Korn,Ádám_D._Lelkes,Cong_Yu_0001,Jiawei_Han_0001
Jing_Zhang_0001,Bo_Chen,Xianming_Wang,Hong_Chen_0001,Cuiping_Li,Fengmei_Jin,Guojie_Song,Yutao_Zhang
Oana_Inel,Giannis_Haralabopoulos,Dan_Li_0015,Christophe_Van_Gysel,Zoltán_Szlávik,Elena_Simperl,Evangelos_Kanoulas,Lora_Aroyo
Yanbo_Liang,Yongyang_Yu,MingJie_Tang,Chaozhuo_Li,Weiqing_Yang,Weichen_Xu,Ruifeng_Zheng
Guolei_Yang,Ying_Cai,Chandan_K._Reddy
Rishabh_Mehrotra,James_McInerney,Hugues_Bouchard,Mounia_Lalmas,Fernando_Diaz_0001
Rischan_Mafrur,Mohamed_A._Sharaf,Hina_A._Khan
Yaroslav_Nechaev,Francesco_Corcoglioniti,Claudio_Giuliano
Hongzuo_Xu,Yongjun_Wang,Li_Cheng,Yijie_Wang_0001,Xingkong_Ma
Jiawei_Chen_0007,Yan_Feng,Martin_Ester,Sheng_Zhou,Chun_Chen_0001,Can_Wang_0001
Haotian_Zhang_0001,Mustafa_Abualsaud,Nimesh_Ghelani,Mark_D._Smucker,Gordon_V._Cormack,Maura_R._Grossman
François_Role,Stanislas_Morbieu,Mohamed_Nadif
Qingyao_Ai,Jiaxin_Mao,Yiqun_Liu_0001,W._Bruce_Croft
Khaled_Yasser,Mücahid_Kutlu,Tamer_Elsayed
Bo_Tang,Hongyin_Tang,Xinzhou_Dong,Beihong_Jin,Tingjian_Ge
Ariyam_Das,Sahil_M._Gandhi,Carlo_Zaniolo
Qitian_Wu,Chaoqi_Yang,Hengrui_Zhang,Xiaofeng_Gao,Paul_Weng,Guihai_Chen
Claudio_Lucchese,Franco_Maria_Nardini,Raffaele_Perego_0001,Roberto_Trani,Rossano_Venturini
Manas_Gaur,Ugur_Kursuncu,Amanuel_Alambo,Amit_P._Sheth,Raminta_Daniulaityte,Krishnaprasad_Thirunarayan,Jyotishman_Pathak
Haochen_Chen,Xiaofei_Sun,Yingtao_Tian,Bryan_Perozzi,Muhao_Chen,Steven_Skiena
Agus_Trisnajaya_Kwee,Meng-Fen_Chiang,Philips_Kokoh_Prasetyo,Ee-Peng_Lim
Jose_G._Moreno
Roman_Vainshtein,Asnat_Greenstein-Messica,Gilad_Katz,Bracha_Shapira,Lior_Rokach
Krishnaram_Kenthapadi,Thanh_T._L._Tran
Pablo_Loyola,Kugamoorthy_Gajananan,Fumiko_Satoh
Jing_Zhao,Jiajie_Xu_0001,Rui_Zhou_0001,Pengpeng_Zhao,Chengfei_Liu,Feng_Zhu
Chen_Chu,Zhao_Li,Beibei_Xin,Fengchao_Peng,Chuanren_Liu,Remo_Rohs,Qiong_Luo_0001,Jingren_Zhou
Zhilin_Zhang,Ke_Wang_0001,Chen_Lin,Weipeng_Lin
Sheng_Zhou,Hongxia_Yang,Xin_Wang_0019,Jiajun_Bu,Martin_Ester,Pinggang_Yu,Jianwei_Zhang,Can_Wang_0001
Edward_Grefenstette
Anjie_Fang,Iadh_Ounis,Craig_MacDonald,Philip_Habel,Xiaoyu_Xiong,Haitao_Yu_0003
Oleksandra_Levchenko,Djamel_Edine_Yagoubi,Reza_Akbarinia,Florent_Masseglia,Boyan_Kolev,Dennis_E._Shasha
Yiqi_Chen,Tieyun_Qian,Huan_Liu,Ke_Sun_0010
Balázs_Hidasi,Alexandros_Karatzoglou
Ting_Zhang,Bang_Liu,Di_Niu,Kunfeng_Lai,Yu_Xu
Hong-Han_Shuai,Yen-Chieh_Lien,De-Nian_Yang,Yi-Feng_Lan,Wang-Chien_Lee,Philip_S._Yu
Anthony_Bell,Prathyusha_Senthil_Kumar,Daniel_Miranda
Felix_Bießmann,David_Salinas,Sebastian_Schelter,Philipp_Schmidt,Dustin_Lange
Yong_Zhuang,Yu-Chin_Juan,Guo-Xun_Yuan,Chih-Jen_Lin
Chong_Feng,Fei_Cai,Honghui_Chen,Maarten_de_Rijke
Kishore_Papineni,Pratik_Worah
Jingyuan_Zhang,Xin_Wang,Yue_Feng,Mingming_Sun,Ping_Li_0001
Shuai_Yang,Xipeng_Shen
Ian_Soboroff
Felipe_Moraes,Sindunuraga_Rikarno_Putra,Claudia_Hauff
Qianqian_Wang,Si_Li_0001,Guang_Chen_0003
Lihan_Chen,Jiaqing_Liang,Chenhao_Xie_0002,Yanghua_Xiao
Guangneng_Hu,Yu_Zhang_0006,Qiang_Yang_0001
Peng_Zhang_0002,Zhan_Su,Lipeng_Zhang,Benyou_Wang,Dawei_Song_0001
Arash_Dargahi_Nobari,Arian_Askari,Faegheh_Hasibi,Mahmood_Neshati
Yuhang_Zhang,Kee_Siong_Ng,Tania_Churchill,Peter_Christen
Parth_Pathak,Mithun_Das_Gupta,Niranjan_Nayak,Harsh_Kohli
Fanghua_Ye,Chuan_Chen_0001,Zibin_Zheng
Mayur_Patidar,Puneet_Agarwal,Lovekesh_Vig,Gautam_Shroff
Adit_Krishnan,Ashish_Sharma,Aravind_Sankar,Hari_Sundaram
Shaojie_Tang
Jun-Gi_Jang,Dongjin_Choi,Jinhong_Jung,U_Kang
Jianming_Lv,Jiajie_Zhong,Weihang_Chen,Qinzhe_Xiao,Zhenguo_Yang,Qing_Li_0001
Soumya_Sarkar,Sanjukta_Bhowmick,Animesh_Mukherjee_0001
Jasper_Linmans,Bob_van_de_Velde,Evangelos_Kanoulas
Jianglei_Han,Ka_Hian_Goh,Aixin_Sun,Mohammad_Akbari_0001
Andrea_Esuli,Alejandro_Moreo_Fernández,Fabrizio_Sebastiani_0001
Shuo_Wang,Xiaofeng_Meng_0001
Dhruv_Gupta_0002,Klaus_Berberich
Shay_Gershtein,Tova_Milo,Brit_Youngmann,Gal_Zeevi
Fangzhao_Wu,Chuhan_Wu,Junxin_Liu
Xiaofeng_Ding,Xiaodong_Zhang,Zhifeng_Bao,Hai_Jin_0001
Adam_Jatowt,Ricardo_Campos_0001,Sourav_S._Bhowmick,Nina_Tahmasebi,Antoine_Doucet
Rana_Hussein,Dingqi_Yang,Philippe_Cudré-Mauroux
Huiyuan_Chen,Jing_Li_0002
Ilaria_Bordino,Francesco_Gullo
Daniel_Deutch,Yehonatan_Ginzberg,Tova_Milo
Lijian_Wan,Tingjian_Ge
Swapnil_Gaikwad,Melody_Moh,David_C._Anastasiu
Tanguy_Raynaud,Julien_Subercaze,Frédérique_Laforest
Bin_Liang,Zhidong_Li,Yang_Wang_0002,Fang_Chen_0001
Shubhra_Kanti_Karmaker_Santu,Liangda_Li,Yi_Chang_0001,ChengXiang_Zhai
Tyler_Derr,Charu_C._Aggarwal,Jiliang_Tang
João_R._M._Palotti,Guido_Zuccon,Allan_Hanbury
Edward_Abel,John_A._Keane,Norman_W._Paton,Alvaro_A._A._Fernandes,Martin_Koehler,Nikolaos_Konstantinou_0001,Nurzety_A._Azuan,Suzanne_M._Embury
Bo_Li,Le_Jia
Daniel_Deutch,Nave_Frost
Minsu_Kwon,Han-Gyu_Kim,Ho-Jin_Choi
Chaomin_Shen,Mixue_Yu,Chenxiao_Zhao,Yaxin_Peng,Guixu_Zhang
Parth_Nagarkar,K._Selçuk_Candan
Elem_Güzel_Kalayci,Guohui_Xiao_0001,Vladislav_Ryzhikov,Tahir_Emre_Kalayci,Diego_Calvanese
Zhao_Zhang,Fuzhen_Zhuang,Zheng-Yu_Niu,Deqing_Wang,Qing_He_0003
Weihong_Wang,Jie_Xu_0008,Yang_Wang_0002,Chen_Cai,Fang_Chen_0001
Chaozhuo_Li,Senzhang_Wang,Philip_S._Yu,Lei_Zheng_0001,Xiaoming_Zhang_0001,Zhoujun_Li,Yanbo_Liang
Anahita_Hosseini,Ting_Chen_0007,Wenjun_Wu,Yizhou_Sun,Majid_Sarrafzadeh
Harrisen_Scells,Guido_Zuccon
Po-Ruey_Lei,Li-Pin_Xiao,Yu_Ting_Wen,Wen-Chih_Peng
Jan_Kristof_Nidzwetzki,Ralf_Hartmut_Güting
Melisachew_Wudage_Chekol,Heiner_Stuckenschmidt
Farahnaz_Akrami,Lingbing_Guo,Wei_Hu,Chengkai_Li
Francesco_Bonchi,Francesco_Gullo,Bud_Mishra,Daniele_Ramazzotti
Tzu-Heng_Lin,Chen_Gao,Yong_Li_0008
Muhan_Guo,Rui_Zhang_0017,Feiping_Nie_0001,Xuelong_Li
Haoli_Bai,Zhuangbin_Chen,Michael_R._Lyu,Irwin_King,Zenglin_Xu
Gaurav_Pandey_0003,Denis_Kotkov,Alexander_Semenov
Xisen_Jin,Wenqiang_Lei,Zhaochun_Ren,Hongshen_Chen,Shangsong_Liang,Yihong_Zhao_0002,Dawei_Yin
Yu_Meng_0001,Jiaming_Shen,Chao_Zhang_0014,Jiawei_Han_0001
Lin_Sun,Lan_Zhang,Xiaojun_Ye
Dong-Kyu_Chae,Jin-Soo_Kang,Sang-Wook_Kim,Jung-Tae_Lee
Yu-Hsuan_Kuo,Zhenhui_Li,Daniel_Kifer
Miao_Fan,Wutao_Lin,Yue_Feng,Mingming_Sun,Ping_Li_0001
Byungkook_Oh,Seungmin_Seo,Kyong-Ho_Lee
Liron_I._Allerhand,Brit_Youngmann,Elad_Yom-Tov,David_Arkadir
Jiaming_Shen,Maryam_Karimzadehgan,Michael_Bendersky,Zhen_Qin_0002,Donald_Metzler
Radityo_Eko_Prasojo,Mouna_Kacimi,Werner_Nutt
Xing_Gao,Wenli_Ji,Yongjun_Li_0006,Yao_Deng,Wei_Dong_0006
Ioannis_Giannakopoulos,Dimitrios_Tsoumakos,Nectarios_Koziris
Liang_Chen_0001,Yang_Liu,Zibin_Zheng,Philip_S._Yu
Liangyue_Li,Hanghang_Tong,Huan_Liu
Maryam_Khodabakhsh,Hossein_Fani,Fattane_Zarrinkalam,Ebrahim_Bagheri
Jorge_David_Gonzalez_Paule,Yashar_Moshfeghi,Craig_Macdonald,Iadh_Ounis
Kazuhiro_Seki
Guandan_Chen,Nan_Xu,Wenji_Mao
Ziyuan_Wang,Dain_Yap_Liffman,Dileban_Karunamoorthy,Ermyas_Abebe
Min_Yang_0007,Qiang_Qu,Jia_Zhu,Ying_Shen,Zhou_Zhao
Maarten_de_Rijke
Conglong_Li,David_G._Andersen,Qiang_Fu,Sameh_Elnikety,Yuxiong_He
Kijung_Shin,Mahdi_Shafiei,Myunghwan_Kim_0002,Aastha_Jain,Hema_Raghavan
Shan_Jiang_0008,Le_Chen,Alan_Mislove,Christo_Wilson
Yuxi_Wu,Panya_Gupta,Miranda_Wei,Yasemin_Acar,Sascha_Fahl,Blase_Ur
Yupeng_Gu,Yizhou_Sun,Yanen_Li,Yang_Yang_0008
Haewoon_Kwak,Jisun_An,Joni_Salminen,Soon-Gyo_Jung,Bernard_J._Jansen
Zhiyuan_Lin_0001,Tim_Althoff,Jure_Leskovec
Nabeel_Gillani,Ann_Yuan,Martin_Saveski,Soroush_Vosoughi,Deb_Roy
Dongsheng_Li_0002,Chao_Chen_0016,Qin_Lv,Hansu_Gu,Tun_Lu,Li_Shang,Ning_Gu,Stephen_M._Chu
Zhenpeng_Chen,Xuan_Lu,Wei_Ai,Huoran_Li,Qiaozhu_Mei,Xuanzhe_Liu
Chantat_Eksombatchai,Pranav_Jindal,Jerry_Zitao_Liu,Yuchen_Liu,Rahul_Sharma_0001,Charles_Sugnet,Mark_Ulrich,Jure_Leskovec
Hao_Peng,Jianxin_Li_0002,Yu_He,Yaopeng_Liu,Mengjiao_Bao,Lihong_Wang,Yangqiu_Song,Qiang_Yang_0001
Yusan_Lin,Peifeng_Yin,Wang-Chien_Lee
Washington_Luiz,Felipe_Viegas,Rafael_Odon_de_Alencar,Fernando_Mourão,Thiago_Salles,Dárlinton_B._F._Carvalho,Marcos_André_Gonçalves,Leonardo_C._da_Rocha
Ana-Andreea_Stoica,Christopher_J._Riederer,Augustin_Chaintreau
Cameron_Musco,Christopher_Musco,Charalampos_E._Tsourakakis
Riccardo_Porrini,Matteo_Palmonari,Isabel_F._Cruz
Yixuan_Cao,Hongwei_Li_0002,Ping_Luo_0001,Jiaquan_Yao
Najmeh_Miramirkhani,Timothy_Barron,Michael_Ferdman,Nick_Nikiforakis
Xiaoshi_Zhong,Erik_Cambria
Arlei_Silva,Ambuj_K._Singh,Ananthram_Swami
Rahat_Masood,Dinusha_Vatsalan,Muhammad_Ikram,Mohamed_Ali_Kâafar
Ning_Su,Yiqun_Liu_0001,Zhao_Li,Yuli_Liu,Min_Zhang_0006,Shaoping_Ma
Junwei_Pan,Jian_Xu,Alfonso_Lobos_Ruiz,Wenliang_Zhao,Shengjun_Pan,Yu_Sun,Quan_Lu
Xiao_Ma,Megan_Cackett,Leslie_Park,Eric_Chien,Mor_Naaman
Chikara_Hashimoto,Manabu_Sassano
Denghao_Ma,Yueguo_Chen,Kevin_Chen-Chuan_Chang,Xiaoyong_Du_0001,Chuanfei_Xu,Yi_Chang_0001
Anton_Tsitsulin,Davide_Mottin,Panagiotis_Karras,Emmanuel_Müller
Maarten_Wijnants_0001,Robin_Marx,Peter_Quax,Wim_Lamotte
Chuxu_Zhang,Chao_Huang_0001,Lu_Yu_0006,Xiangliang_Zhang_0001,Nitesh_V._Chawla
Ben_Miroglio,David_Zeber,Jofish_Kaye,Rebecca_Weiss
Shuo_Zhang_0006,Krisztian_Balog
Wei_Zhang_0056,Wen_Wang,Jun_Wang,Hongyuan_Zha
Matteo_Cannaviccio,Denilson_Barbosa,Paolo_Merialdo
Tomasz_Kusmierczyk,Manuel_Gomez-Rodriguez
Dawen_Liang,Rahul_G._Krishnan,Matthew_D._Hoffman,Tony_Jebara
Abir_De,Sourangshu_Bhattacharya,Niloy_Ganguly
Yizhou_Zhang,Yun_Xiong,Xiangnan_Kong,Shanshan_Li,Jinhong_Mi,Yangyong_Zhu
Thijs_Scheepers,Evangelos_Kanoulas,Efstratios_Gavves
Nate_Veldt,David_F._Gleich,Anthony_Wirth
Mário_Almeida,Muhammad_Bilal,Alessandro_Finamore,Ilias_Leontiadis,Yan_Grunenberger,Matteo_Varvello,Jeremy_Blackburn
Huda_Nassar,Nate_Veldt,Shahin_Mohammadi,Ananth_Grama,David_F._Gleich
Moshe_Lichman,Padhraic_Smyth
Huijun_Wu_0001,Chen_Wang_0008,Jie_Yin,Kai_Lu,Liming_Zhu
Abram_N._Magner,Jithin_K._Sreedharan,Ananth_Y._Grama,Wojciech_Szpankowski
Youngnam_Lee,Sang-Wook_Kim,Sunju_Park,Xing_Xie
Surabhi_Punjabi,Priyanka_Bhatt
Ehsan_Kamalloo,Davood_Rafiei
Jie_Yang,Thomas_Drake,Andreas_C._Damianou,Yoelle_Maarek
Weili_Chen,Zibin_Zheng,Jiahui_Cui,Edith_C._H._Ngai,Peilin_Zheng,Yuren_Zhou
Chong_Chen,Min_Zhang_0006,Yiqun_Liu_0001,Shaoping_Ma
Anna_Samoilenko,Florian_Lemmerich,Maria_Zens,Mohsen_Jadidi,Mathieu_Génois,Markus_Strohmaier
Weiren_Yu,Fan_Wang
Yashoteja_Prabhu,Anil_Kag,Shrutendra_Harsola,Rahul_Agrawal,Manik_Varma
Gary_Ren,Xiaochuan_Ni_0001,Manish_Malik,Qifa_Ke
Larry_González,Aidan_Hogan
Fuli_Feng,Xiangnan_He_0001,Yiqun_Liu_0001,Liqiang_Nie,Tat-Seng_Chua
Patrick_Ernst,Amy_Siu,Gerhard_Weikum
Meng_Qu,Xiang_Ren_0001,Yu_Zhang_0044,Jiawei_Han_0001
Richong_Zhang,Junpeng_Li,Jiajie_Mei,Yongyi_Mao
Bharat_Srinivasan,Athanasios_Kountouras,Najmeh_Miramirkhani,Monjur_Alam,Nick_Nikiforakis,Manos_Antonakakis,Mustaque_Ahamad
Tobias_Grubenmann,Abraham_Bernstein,Dmitry_Moor,Sven_Seuken
Shangsong_Liang,Ilya_Markov,Zhaochun_Ren,Maarten_de_Rijke
Pedro_Moreno-Sanchez,Navin_Modi,Raghuvir_Songhela,Aniket_Kate,Sonia_Fahmy
Kiran_Garimella,Gianmarco_De_Francisci_Morales,Aristides_Gionis,Michael_Mathioudakis
Alexander_Peysakhovich,Dean_Eckles
Shikhar_Vashishth,Prince_Jain,Partha_P._Talukdar
Jundong_Li,Jiliang_Tang,Yilin_Wang,Yali_Wan,Yi_Chang_0001,Huan_Liu_0001
Lily_Hu,Yiling_Chen
Kaja_Zupanc,Jesse_Davis
John_P._Rula,James_Newman,Fabián_E._Bustamante,Arash_Molavi_Kakhki,David_R._Choffnes
Xin_Luo_0006,Ye_Wu,Xin-Shun_Xu
Yang_Yang_0009,Zongtao_Liu,Chenhao_Tan,Fei_Wu_0001,Yueting_Zhuang,Yafeng_Li
Minji_Yoon,Woojeong_Jin,U_Kang
Ronald_E._Robertson,David_Lazer,Christo_Wilson
Chenhao_Tan,Hao_Peng,Noah_A._Smith
Panagiotis_Papadopoulos,Nicolas_Kourtellis,Evangelos_P._Markatos
Yakov_Babichenko,Oren_Dean,Moshe_Tennenholtz
Branislav_Kveton,S._Muthukrishnan,Hoa_T._Vu,Yikun_Xian
Payam_Karisani,Eugene_Agichtein
Guanjie_Zheng,Fuzheng_Zhang,Zihan_Zheng,Yang_Xiang,Nicholas_Jing_Yuan,Xing_Xie_0001,Zhenhui_Li
Sanket_Kumar_Singh,Davood_Rafiei
Talya_Eden,Shweta_Jain_0003,Ali_Pinar,Dana_Ron,C._Seshadhri
Sofia_Maria_Nikolakaki,Charalampos_Mavroforakis,Alina_Ene,Evimaria_Terzi
Yunhao_Jiao,Cheng_Li_0012,Fei_Wu_0001,Qiaozhu_Mei
Emmanouil_Krasanakis,Eleftherios_Spyromitros_Xioufis,Symeon_Papadopoulos,Yiannis_Kompatsiaris
Haim_Mendelson,Ken_Moon
Hong_Huang_0001,Bo_Zhao_0016,Hao_Zhao,Zhou_Zhuang,Zhenxuan_Wang,Xiaoming_Yao,Xinggang_Wang,Hai_Jin_0001,Xiaoming_Fu_0001
Jingchao_Ni,Shiyu_Chang,Xiao_Liu,Wei_Cheng_0002,Haifeng_Chen,Dongkuan_Xu,Xiang_Zhang_0001
Chenyi_Zhuang,Qiang_Ma_0001
Jonathan_Lajus,Fabian_M._Suchanek
Alejandro_Gómez-Boix,Pierre_Laperdrix,Benoit_Baudry
Aravindh_Raman,Gareth_Tyson,Nishanth_Sastry
Florin_Constantin,Christopher_Harris,Samuel_Ieong,Aranyak_Mehta,Xi_Tan
Xiang_Li_0067,Ben_Kao,Siqiang_Luo,Martin_Ester
Sergio_Pastrana,Daniel_R._Thomas,Alice_Hutchings,Richard_Clayton
Emma_Pierson,Tim_Althoff,Jure_Leskovec
Jacob_Levy_Abitbol,Márton_Karsai,Jean-Philippe_Magué,Jean-Pierre_Chevrot,Eric_Fleury
Diego_Perino,Matteo_Varvello,Claudio_Soriente
Yue_Zhang,Arti_Ramesh,Jennifer_Golbeck,Dhanya_Sridhar,Lise_Getoor
Sunil_Mohan,Nicolas_Fiorini,Sun_Kim,Zhiyong_Lu
Yichao_Lu,Ruihai_Dong,Barry_Smyth
Selin_Chun,Daejin_Choi,Jinyoung_Han,Huy_Kang_Kim,Taekyoung_Kwon_0001
Zachary_Nichols,Adam_Stein
Yongzheng_Jia,Xue_Liu,Wei_Xu
Xiaofeng_Yang,Deepak_Ajwani,Wolfgang_Gatterbauer,Patrick_K._Nicholson,Mirek_Riedewald,Alessandra_Sala
Patrick_Hummel,Uri_Nadav
Ziyu_Yao,Daniel_S._Weld,Wei-Peng_Chen,Huan_Sun
Jie_Feng_0002,Yong_Li_0008,Chao_Zhang_0014,Funing_Sun,Fanchao_Meng,Ang_Guo,Depeng_Jin
Giorgio_Stefanoni,Boris_Motik,Egor_V._Kostylev
Sajjad_Arshad,Seyed_Ali_Mirheidari,Tobias_Lauinger,Bruno_Crispo,Engin_Kirda,William_K._Robertson
Jun_Feng,Heng_Li,Minlie_Huang,Shichen_Liu,Wenwu_Ou,Zhirong_Wang,Xiaoyan_Zhu_0001
Eric_Malmi,Aristides_Gionis,Arno_Solin
Hongwei_Wang_0004,Fuzheng_Zhang,Xing_Xie_0001,Minyi_Guo
Oleksii_Starov,Yuchen_Zhou,Xiao_Zhang,Najmeh_Miramirkhani,Nick_Nikiforakis
Srijan_Kumar,William_L._Hamilton,Jure_Leskovec,Dan_Jurafsky
Amy_Greenwald,Takehiro_Oyakawa,Vasilis_Syrgkanis
Wenhui_Yu,Huidi_Zhang,Xiangnan_He_0001,Xu_Chen_0017,Li_Xiong_0001,Zheng_Qin
Zemin_Liu,Vincent_W._Zheng,Zhou_Zhao,Hongxia_Yang,Kevin_Chen-Chuan_Chang,Minghui_Wu,Jing_Ying

Xiang_Wang_0010,Xiangnan_He_0001,Fuli_Feng,Liqiang_Nie,Tat-Seng_Chua
Bin_Zou_0006,Vasileios_Lampos,Ingemar_J._Cox
Daniel_Agun,Jinjin_Shao,Shiyu_Ji,Stefano_Tessaro,Tao_Yang_0009
Srishti_Gupta,Abhinav_Khattar,Arpit_Gogia,Ponnurangam_Kumaraguru,Tanmoy_Chakraborty_0002
Olaf_Hartig,Jorge_Pérez_0001
Yi_Tay,Luu_Anh_Tuan,Siu_Cheung_Hui
Andrew_T._Schneider,Arjun_Mukherjee,Eduard_C._Dragut
Nina_Grgic-Hlaca,Elissa_M._Redmiles,Krishna_P._Gummadi,Adrian_Weller
Sébastien_Lahaie,Andrés_Muñoz_Medina,Balasubramanian_Sivan,Sergei_Vassilvitskii
Yequan_Wang,Aixin_Sun,Jialong_Han,Ying_Liu_0004,Xiaoyan_Zhu
Martin_Dittus,Joss_Wright,Mark_Graham
Manish_Raghavan,Ashton_Anderson,Jon_M._Kleinberg
Hongshen_Chen,Zhaochun_Ren,Jiliang_Tang,Yihong_Eric_Zhao,Dawei_Yin
Vahab_S._Mirrokni,Renato_Paes_Leme,Rita_Ren,Song_Zuo
Abhimanyu_Dubey,Esteban_Moro,Manuel_Cebrián,Iyad_Rahwan
Bin_Wu,Chenyan_Xiong,Maosong_Sun,Zhiyuan_Liu_0001
Timothy_Libert
Allen_Yilun_Lin,Joshua_Ford,Eytan_Adar,Brent_J._Hecht
Xin_Wang_0019,Wenwu_Zhu_0001,Chun_Chen_0001,Martin_Ester
Junxiang_Wang,Liang_Zhao_0002
Abner_Mendoza,Phakpoom_Chinprutthiwong,Guofei_Gu
Nir_Grinberg
Shaika_Chowdhury,Chenwei_Zhang,Philip_S._Yu
Chen_Avin,Avi_Cohen,Pierre_Fraigniaud,Zvi_Lotker,David_Peleg
Ruslan_R._Fayzrakhmanov,Emanuel_Sallinger,Ben_Spencer,Tim_Furche,Georg_Gottlob
Chenglin_Miao,Qi_Li_0012,Lu_Su,Mengdi_Huai,Wenjun_Jiang,Jing_Gao_0004
Haowen_Xu,Wenxiao_Chen,Nengwen_Zhao,Zeyan_Li,Jiahao_Bu,Zhihan_Li,Ying_Liu_0024,Youjian_Zhao,Dan_Pei,Yang_Feng,Jie_Chen,Zhaogang_Wang,Honglin_Qiao
Junghwan_Kim,Haekyu_Park,Ji-Eun_Lee,U_Kang
Ning_Ye,Ariel_Fuxman,Vivek_Ramavajjala,Sergey_Nazarov,J._Patrick_McGregor,Sujith_Ravi
Young_Bae_Jeon,Minchul_Kim,Hyunsoo_Kim,Hyoungshick_Kim,Jun_Ho_Huh,Ji_Won_Yoon
Su_Yan,Wei_Lin,Tianshu_Wu,Daorui_Xiao,Xu_Zheng,Bo_Wu,Kaipeng_Liu
Vivek_Sembium,Rajeev_Rastogi,Lavanya_Sita_Tekumalla,Atul_Saroop
Maximilien_Danisch,Oana_Balalau,Mauro_Sozio
Tian_Shi,Kyeongpil_Kang,Jaegul_Choo,Chandan_K._Reddy
Chun-Ta_Lu,Lifang_He_0001,Hao_Ding,Bokai_Cao,Philip_S._Yu
Abhimanyu_Das,Sreenivas_Gollapudi,Anthony_Kim,Debmalya_Panigrahi,Chaitanya_Swamy
Ricky_Laishram,Ahmet_Erdem_Sariyüce,Tina_Eliassi-Rad,Ali_Pinar,Sucheta_Soundarajan
Klaudia_Krawiecka,Arseny_Kurnikov,Andrew_Paverd,Mohammad_Mannan,N._Asokan
Xiao_Lin_0002,Wenpeng_Zhang_0003,Min_Zhang_0006,Wenwu_Zhu_0001,Jian_Pei,Peilin_Zhao,Junzhou_Huang
Mengyang_Liu,Yiqun_Liu_0001,Jiaxin_Mao,Cheng_Luo_0001,Min_Zhang_0006,Shaoping_Ma
Eunjo_Lee,Jiyoung_Woo,Hyoungshick_Kim,Huy_Kang_Kim
Rajan_Vaish,Shirish_Goyal,Amin_Saberi,Sharad_Goel
I_Luk_Kim,Weihang_Wang,Yonghwi_Kwon,Yunhui_Zheng,Yousra_Aafer,Weijie_Meng,Xiangyu_Zhang_0001
Linchuan_Xu,Xiaokai_Wei,Jiannong_Cao_0001,Philip_S._Yu
Takeshi_Kurashima,Tim_Althoff,Jure_Leskovec
Himel_Dev,Chase_Geigle,Qingtao_Hu,Jiahui_Zheng,Hari_Sundaram
Maja_R._Rudolph,David_M._Blei
Gael_Lederrey,Robert_West_0001
Brit_Youngmann,Elad_Yom-Tov
Evgeny_Krivosheev,Fabio_Casati,Boualem_Benatallah
T.-H._Hubert_Chan,Arnaud_Guerqin,Mauro_Sozio
Bijaya_Adhikari,Parikshit_Sondhi,Wenke_Zhang,Mohit_Sharma,B._Aditya_Prakash
Chenwei_Ran,Wei_Shen_0004,Jianyong_Wang_0001
Abdalghani_Abujabal,Rishiraj_Saha_Roy,Mohamed_Yahya,Gerhard_Weikum
Navneet_Potti,James_B._Wendt,Qi_Zhao,Sandeep_Tata,Marc_Najork
Daizong_Ding,Mi_Zhang,Xudong_Pan,Duocai_Wu,Pearl_Pu
Bang_Liu,Ting_Zhang,Fred_X._Han,Di_Niu,Kunfeng_Lai,Yu_Xu
Qiao_Liu_0003,Haibin_Zhang,Yifu_Zeng,Ziqi_Huang,Zufeng_Wu
Hongchang_Gao,Deguang_Kong,Miao_Lu,Xiao_Bai_0002,Jian_Yang
Alessandro_Epasto,Mohammad_Mahdian,Vahab_S._Mirrokni,Song_Zuo
Yun_Ma_0002,Ziniu_Hu,Yunxin_Liu,Tao_Xie_0001,Xuanzhe_Liu
Marian-Andrei_Rizoiu,Swapnil_Mishra,Quyu_Kong,Mark_James_Carman,Lexing_Xie
Yashar_Moshfeghi,Frank_E._Pollick
Chen_Luo,Anshumali_Shrivastava
Kuldeep_Singh_0001,Arun_Sethupat_Radhakrishna,Andreas_Both,Saeedeh_Shekarpour,Ioanna_Lytra,Ricardo_Usbeck,Akhilesh_Vyas,Akmal_Khikmatullaev,Dharmen_Punjani,Christoph_Lange_0002,Maria-Esther_Vidal,Jens_Lehmann_0001,Sören_Auer
Nicolas_Tempelmeier,Elena_Demidova,Stefan_Dietze
Qingpeng_Cai,Aris_Filos-Ratsikas,Pingzhong_Tang,Yiwei_Zhang
Zhiyong_Cheng,Ying_Ding,Lei_Zhu_0002,Mohan_S._Kankanhalli
Marius_Pasca
Vineeth_Rakesh,Weicong_Ding,Aman_Ahuja,Nikhil_Rao,Yifan_Sun,Chandan_K._Reddy
Yang_Zhang_0016,Mathias_Humbert,Tahleen_A._Rahman,Cheng-Te_Li,Jun_Pang_0001,Michael_Backes_0001
Jiaming_Shen,Zeqiu_Wu,Dongming_Lei,Chao_Zhang_0014,Xiang_Ren_0001,Michelle_T._Vanni,Brian_M._Sadler,Jiawei_Han_0001
Qi_Li_0012,Meng_Jiang_0001,Xikun_Zhang_0001,Meng_Qu,Timothy_P._Hanratty,Jing_Gao_0004,Jiawei_Han_0001
David_J._Hand
Xin_Shen,Hongxia_Yang,Weizhao_Xian,Martin_Ester,Jiajun_Bu,Zhongyao_Wang,Can_Wang_0001
Georgina_Peake,Jun_Wang
Patrick_Koch,Oleg_Golovidov,Steven_Gardner,Brett_Wujek,Joshua_Griffin,Yan_Xu
Till_Speicher,Hoda_Heidari,Nina_Grgic-Hlaca,Krishna_P._Gummadi,Adish_Singla,Adrian_Weller,Muhammad_Bilal_Zafar
Xi_Chen_0049,Yiqun_Liu_0010,Liang_Zhang_0021,Krishnaram_Kenthapadi
Jianhua_Yin,Daren_Chao,Zhongkun_Liu,Wei_Zhang_0056,Xiaohui_Yu_0001,Jianyong_Wang_0001
Xiao_Bai_0002,Erik_Ordentlich,Yuanyuan_Zhang,Andy_Feng,Adwait_Ratnaparkhi,Reena_Somvanshi,Aldi_Tjahjadi
Yi_Tay,Anh_Tuan_Luu,Siu_Cheung_Hui
Seiya_Satoh,Yoshinobu_Takahashi,Hiroshi_Yamakawa
Guorui_Zhou,Xiaoqiang_Zhu,Chengru_Song,Ying_Fan,Han_Zhu,Xiao_Ma,Yanghui_Yan,Junqi_Jin,Han_Li,Kun_Gai
Chen_Chen_0022,Ruiyue_Peng,Lei_Ying,Hanghang_Tong
Anthony_Hu,Seth_R._Flaxman
Giovanni_Comarela,Ramakrishnan_Durairajan,Paul_Barford,Dino_D._Christenson,Mark_Crovella
Yifan_Zhang_0004,Peilin_Zhao,Jiezhang_Cao,Wenye_Ma,Junzhou_Huang,Qingyao_Wu,Mingkui_Tan
Qiaoling_Liu,Josh_Chao,Thomas_Mahoney,Alan_Chern,Chris_Min,Faizan_Javed,Valentin_Jijkoun
Harini_Suresh,Jen_J._Gong,John_V._Guttag
Sheng-Jun_Huang,Jia-Wei_Zhao,Zhao-Yang_Liu
Tim_Op_De_Beéck,Wannes_Meert,Kurt_Schütte_0002,Benedicte_Vanwanseele,Jesse_Davis
Qingwei_Lin,Weichen_Ke,Jian-Guang_Lou,Hongyu_Zhang_0002,Kaixin_Sui,Yong_Xu,Ziyi_Zhou,Bo_Qiao,Dongmei_Zhang
Alex_Smola
Nilaksh_Das,Madhuri_Shanbhogue,Shang-Tse_Chen,Fred_Hohman,Siwei_Li,Li_Chen,Michael_E._Kounavis,Duen_Horng_Chau
Jianrong_Tao,Jiarong_Xu,Linxia_Gong,Yifu_Li,Changjie_Fan,Zhou_Zhao
Ying_Sun,Hengshu_Zhu,Fuzhen_Zhuang,Jingjing_Gu,Qing_He_0003
Pierre_Hulot,Daniel_Aloise,Sanjay_Dominik_Jena
Olivier_Bachem,Mario_Lucic,Andreas_Krause_0001
Marios_Kokkodis
Jianxin_Ma,Peng_Cui_0001,Xiao_Wang_0017,Wenwu_Zhu_0001
Han_Zhu,Xiang_Li,Pengye_Zhang,Guozheng_Li,Jie_He,Han_Li,Kun_Gai
Daniel_de_Roux,Boris_Perez,Andrés_Moreno,María-Del-Pilar_Villamil,César_Figueroa
Shangsong_Liang,Xiangliang_Zhang_0001,Zhaochun_Ren,Evangelos_Kanoulas
Qinyong_Wang,Hongzhi_Yin,Zhiting_Hu,Defu_Lian,Hao_Wang_0005,Zi_Huang
Tom_Diethe,Mike_Holmes,Meelis_Kull,Miquel_Perelló-Nieto,Kacper_Sokol,Hao_Song,Emma_Tonkin,Niall_Twomey,Peter_A._Flach
Shi-Yong_Chen,Yang_Yu_0001,Qing_Da,Jun_Tan,Hai-Kuan_Huang,Hai-Hong_Tang
Boyo_Chen,Buo-Fu_Chen,Hsuan-Tien_Lin
Yan_Li_0052,Jieping_Ye
Karan_Samel,Xu_Miao
Boxin_Du,Hanghang_Tong
Yujing_Hu,Qing_Da,Anxiang_Zeng,Yang_Yu_0001,Yinghui_Xu
Mu-Chu_Lee,Bin_Gao,Ruofei_Zhang
Yiding_Liu,Kaiqi_Zhao_0001,Gao_Cong
Michael_D._Conover,Matthew_Hayes,Scott_Blackburn,Pete_Skomoroch,Sam_Shah
Jing_Wang,Min-Ling_Zhang
Tianfu_He,Jie_Bao_0003,Ruiyuan_Li,Sijie_Ruan,Yanhua_Li,Chao_Tian,Yu_Zheng_0004
Miao_Xie,Zhe_Jiang_0001,Arpan_Man_Sainju
Jia_Li,Yu_Rong,Helen_Meng,Zhihui_Lu_0003,Timothy_C._Y._Kwok,Hong_Cheng_0001
Yaqing_Wang,Fenglong_Ma,Zhiwei_Jin,Ye_Yuan_0006,Guangxu_Xun,Kishlay_Jha,Lu_Su,Jing_Gao_0004
Hongchang_Gao,Heng_Huang
John_Boaz_Lee,Ryan_A._Rossi,Xiangnan_Kong
Zhuoning_Yuan,Xun_Zhou,Tianbao_Yang
Defu_Lian,Kai_Zheng_0001,Vincent_W._Zheng,Yong_Ge,Longbing_Cao,Ivor_W._Tsang,Xing_Xie_0001
Rahul_Bhagat,Srevatsan_Muralidharan,Alex_Lobzhanidze,Shankar_Vishwanath
Jean_Pouget-Abadie,Vahab_S._Mirrokni,David_C._Parkes,Edoardo_M._Airoldi
Binbing_Liao,Jingqing_Zhang,Chao_Wu_0001,Douglas_McIlwraith,Tong_Chen_0006,Shengwen_Yang,Yike_Guo,Fei_Wu
Wenchao_Yu,Wei_Cheng_0002,Charu_C._Aggarwal,Kai_Zhang_0001,Haifeng_Chen,Wei_Wang_0010
Yufei_Han,Guolei_Sun,Yun_Shen,Xiangliang_Zhang_0001
Jingyuan_Wang,Xiaojian_Wang,Junjie_Wu_0001
Fedor_Borisyuk,Albert_Gordo,Viswanath_Sivakumar
Rex_Ying,Ruining_He,Kaifeng_Chen,Pong_Eksombatchai,William_L._Hamilton,Jure_Leskovec
Ying_Shan,Jian_Jiao_0007,Jie_Zhu_0007,J._C._Mao
Jiaxi_Tang,Ke_Wang
Luo_Luo,Wenpeng_Zhang_0003,Zhihua_Zhang,Wenwu_Zhu_0001,Tong_Zhang_0001,Jian_Pei
Alban_Siffer,Pierre-Alain_Fouque,Alexandre_Termier,Christine_Largouët
Joonseok_Lee,Sami_Abu-El-Haija,Balakrishnan_Varadarajan,Apostol_Natsev
Prerna_Khurana,Puneet_Agarwal,Gautam_Shroff,Lovekesh_Vig
Yao_Zhou,Arun_Reddy_Nelakurthi,Jingrui_He
Jun_Zhao_0009,Guang_Qiu,Ziyu_Guan,Wei_Zhao_0019,Xiaofei_He_0001
Yuecheng_Rong,Zhimian_Xu,Ruibo_Yan,Xu_Ma
Chaoyue_Niu,Zhenzhe_Zheng,Fan_Wu_0006,Shaojie_Tang,Xiaofeng_Gao,Guihai_Chen
Minyong_R._Lee,Milan_Shen
Christopher_Ré
Alessio_Conte,Tiziano_De_Matteis,Daniele_De_Sensi,Roberto_Grossi,Andrea_Marino,Luca_Versari
Rainer_Schlosser,Martin_Boissier_0001
Xinyue_Liu,Xiangnan_Kong,Philip_S._Yu
John_M._Abowd
Tara_Safavi,Maryam_Davoodi,Danai_Koutra
Chao_Zhang_0014,Fangbo_Tao,Xiusi_Chen,Jiaming_Shen,Meng_Jiang_0001,Brian_M._Sadler,Michelle_Vanni,Jiawei_Han_0001
Ching-pei_Lee,Cong_Han_Lim,Stephen_J._Wright
Hema_Raghavan
Qiang_Huang,Guihong_Ma,Jianlin_Feng,Qiong_Fang,Anthony_K._H._Tung
Xiangyu_Zhao,Liang_Zhang,Zhuoye_Ding,Long_Xia,Jiliang_Tang,Dawei_Yin
Weijie_Fu,Meng_Wang,Shijie_Hao,Xindong_Wu_0001
Dominik_Mautz,Wei_Ye_0001,Claudia_Plant,Christian_Böhm
Lichao_Sun,Weiran_Huang_0001,Philip_S._Yu,Wei_Chen
Maria_Daltayanni,Ali_Dasdan,Luca_de_Alfaro
Adam_D._Cobb,Richard_Everett_0001,Andrew_Markham,Stephen_J._Roberts
Hengtong_Zhang,Yaliang_Li,Fenglong_Ma,Jing_Gao_0004,Lu_Su
Kui_Zhao,Yuechuan_Li,Zhaoqian_Shuai,Cheng_Yang
Ninghao_Liu,Hongxia_Yang,Xia_Hu
Pengyang_Wang,Yanjie_Fu,Jiawei_Zhang_0001,Pengfei_Wang_0008,Yu_Zheng,Charu_C._Aggarwal
Chengxi_Zang,Peng_Cui_0001,Wenwu_Zhu_0001
Kishlay_Jha,Guangxu_Xun,Yaqing_Wang,Vishrawas_Gopalakrishnan,Aidong_Zhang
Kaixiang_Lin,Renyu_Zhao,Zhe_Xu,Jiayu_Zhou
Piero_Molino,Huaixiu_Zheng,Yi-Chia_Wang
Rui_Yan_0001,Dongyan_Zhao_0001
Tomoki_Yoshida,Ichiro_Takeuchi,Masayuki_Karasuyama
Jeannette_M._Wing
Zhi_Li,Hongke_Zhao,Qi_Liu_0003,Zhenya_Huang,Tao_Mei,Enhong_Chen
Guansong_Pang,Longbing_Cao,Ling_Chen,Huan_Liu
Jianxun_Lian,Xiaohuan_Zhou,Fuzheng_Zhang,Zhongxia_Chen,Xing_Xie_0001,Guangzhong_Sun
Binbin_Hu,Chuan_Shi,Wayne_Xin_Zhao,Philip_S._Yu
Garrett_B._Goh,Charles_Siegel,Abhinav_Vishnu,Nathan_Oken_Hodas
Grégoire_Jauvion,Nicolas_Grislain
Haolan_Chen,Fred_X._Han,Di_Niu,Dong_Liu,Kunfeng_Lai,Chenglin_Wu,Yu_Xu
Ashudeep_Singh,Thorsten_Joachims
Raphael_A._Hauser,Armin_Eftekhari,Heinrich_F._Matzinger
Fenglong_Ma,Jing_Gao_0004,Qiuling_Suo,Quanzeng_You,Jing_Zhou,Aidong_Zhang
Alessio_Conte,Gaspare_Ferraro,Roberto_Grossi,Andrea_Marino,Kunihiko_Sadakane,Takeaki_Uno
Daheng_Wang,Meng_Jiang_0001,Qingkai_Zeng,Zachary_Eberhart,Nitesh_V._Chawla
Tova_Milo,Amit_Somech
Bilong_Shen,Xiaodan_Liang,Yufeng_Ouyang,Miaofeng_Liu,Weimin_Zheng,Kathleen_M._Carley
Jiezhong_Qiu,Jian_Tang,Hao_Ma,Yuxiao_Dong,Kuansan_Wang,Jie_Tang_0001
Md_Amran_Siddiqui,Alan_Fern,Thomas_G._Dietterich,Ryan_Wright,Alec_Theriault,David_W._Archer
Lei_Cai,Zhengyang_Wang,Hongyang_Gao,Dinggang_Shen,Shuiwang_Ji
Seyed-Vahid_Sanei-Mehri,Ahmet_Erdem_Sariyüce,Srikanta_Tirthapura
Denis_Moreira_dos_Reis,André_Gustavo_Maletzke,Diego_Furtado_Silva,Gustavo_E._A._P._A._Batista
Tian_Bai,Shanshan_Zhang,Brian_L._Egleston,Slobodan_Vucetic
Jingyuan_Wang,Ze_Wang,Jianfeng_Li,Junjie_Wu_0001
MohammadHossein_Bateni,Hossein_Esfandiari,Vahab_S._Mirrokni
Jie_Liu_0007,Zhicheng_He,Lai_Wei,Yalou_Huang
Zhe_Xu,Zhixin_Li,Qingwen_Guan,Dingshui_Zhang,Qiang_Li_0024,Junxiao_Nan,Chunyang_Liu,Wei_Bian,Jieping_Ye
Keith_Funkhouser,Matthew_Malloy,Enis_Ceyhun_Alp,Phillip_Poon,Paul_Barford
Lingyang_Chu,Xia_Hu,Juhua_Hu,Lanjun_Wang,Jian_Pei
Otmar_Ertl
Jianbo_Li,Jingrui_He,Yada_Zhu
Alexander_Gorovits,Ekta_Gujral,Evangelos_E._Papalexakis,Petko_Bogdanov
Bin_Gu,Xiao-Tong_Yuan,Songcan_Chen,Heng_Huang
Kyle_Hundman,Valentino_Constantinou,Christopher_Laporte,Ian_Colwell,Tom_Söderström
Chi_Wang_0001,Kaushik_Chakrabarti
Yanhao_Zhang,Pan_Pan,Yun_Zheng,Kang_Zhao,Yingya_Zhang,Xiaofeng_Ren,Rong_Jin
Bhavkaran_Singh_Walia,Qianyi_Hu,Jeffrey_Chen,Fangyan_Chen,Jessica_Lee,Nathan_Kuo,Palak_Narang,Jason_Batts,Geoffrey_Arnold,Michael_Madaio
Dawei_Zhou,Jingrui_He,Hongxia_Yang,Wei_Fan
Hongyang_Gao,Zhengyang_Wang,Shuiwang_Ji
Chenwei_Zhang,Yaliang_Li,Nan_Du,Wei_Fan_0001,Philip_S._Yu
Peter_W._J._Staar,Michele_Dolfi,Christoph_Auer,Costas_Bekas
Jie_Xu_0012,Lei_Luo_0001,Cheng_Deng,Heng_Huang
Yuan_Zuo,Guannan_Liu,Hao_Lin_0002,Jia_Guo,Xiaoqian_Hu,Junjie_Wu_0002
Jiaxuan_Wang,Jeeheh_Oh,Haozhu_Wang,Jenna_Wiens
Chen_Luo,Zhengzhang_Chen,Lu-An_Tang,Anshumali_Shrivastava,Zhichun_Li,Haifeng_Chen,Jieping_Ye
Eric_P._Xing
Shahar_Harel,Kira_Radinsky
Ayan_Acharya,Joydeep_Ghosh,Mingyuan_Zhou
Biwei_Huang,Kun_Zhang_0001,Yizhu_Lin,Bernhard_Schölkopf,Clark_Glymour
Li_Fan
Chaitanya_Manapragada,Geoffrey_I._Webb,Mahsa_Salehi
Ian_Fox,Lynn_Ang,Mamta_Jaiswal,Rodica_Pop-Busui,Jenna_Wiens
Foster_J._Provost,James_Hodson,Jeannette_M._Wing,Qiang_Yang,Jennifer_Neville
Dhivya_Eswaran,Christos_Faloutsos,Sudipto_Guha,Nina_Mishra
Carl_Yang,Xiaolin_Shi,Luo_Jie,Jiawei_Han_0001
Mihajlo_Grbovic,Haibin_Cheng
Mengying_Sun,Fengyi_Tang,Jinfeng_Yi,Fei_Wang,Jiayu_Zhou
Xiao_Zhou,Anastasios_Noulas,Cecilia_Mascolo,Zhongxiang_Zhao
Ting_Ye,Hucheng_Zhou,Will_Y._Zou,Bin_Gao,Ruofei_Zhang
Xiuwen_Yi,Junbo_Zhang,Zhaoyuan_Wang,Tianrui_Li,Yu_Zheng_0004
Jizhe_Wang,Pipei_Huang,Huan_Zhao,Zhibo_Zhang,Binqiang_Zhao,Dik_Lun_Lee
Xijun_Li,Mingxuan_Yuan,Di_Chen,Jianguo_Yao,Jia_Zeng
Junyuan_Hong,Huanhuan_Chen,Feng_Lin
Donatella_Firmani,Marco_Maiorino,Paolo_Merialdo,Elena_Nieddu
Jen_Walraven
Feiping_Nie_0001,Lai_Tian,Xuelong_Li
Ioakeim_Perros,Evangelos_E._Papalexakis,Haesun_Park,Richard_W._Vuduc,Xiaowei_Yan,Christopher_deFilippi,Walter_F._Stewart,Jimeng_Sun
Daniel_Ting
Yang_Yang_0074,Yi-Feng_Wu,De-Chuan_Zhan,Zhi-Bin_Liu,Yuan_Jiang_0001
Bo_Jin_0001,Haoyu_Yang,Leilei_Sun,Chuanren_Liu,Yue_Qu,Jianing_Tong
Qi_Liu_0003,Zai_Huang,Zhenya_Huang,Chuanren_Liu,Enhong_Chen,Yu_Su_0002,Guoping_Hu
Lin_Gong,Hongning_Wang
Daniel_Zügner,Amir_Akbarnejad,Stephan_Günnemann
Elaheh_Sadredini,Deyuan_Guo,Chunkun_Bo,Reza_Rahimi,Kevin_Skadron,Hongning_Wang
Feiping_Nie_0001,Zhanxuan_Hu,Xuelong_Li
Yunhe_Wang,Chang_Xu_0002,Jiayan_Qiu,Chao_Xu_0006,Dacheng_Tao
Yi_Ding,Weiqing_Liu,Jiang_Bian_0002,Daoqiang_Zhang,Tie-Yan_Liu
Avishek_Kumar,Syed_Ali_Asad_Rizvi,Benjamin_Brooks,R._Ali_Vanderveld,Kevin_H._Wilson,Chad_Kenney,Sam_Edelstein,Adria_Finch,Andrew_Maxwell,Joe_Zuckerbraun,Rayid_Ghani
Yaliang_Li,Chenglin_Miao,Lu_Su,Jing_Gao_0004,Qi_Li_0012,Bolin_Ding,Zhan_Qin,Kui_Ren_0001
Lingfei_Wu,Pin-Yu_Chen,Ian_En-Hsu_Yen,Fangli_Xu,Yinglong_Xia,Charu_C._Aggarwal
Yan_Zhang_0036,Haoyu_Wang,Defu_Lian,Ivor_W._Tsang,Hongzhi_Yin,Guowu_Yang
Jaewoo_Lee,Daniel_Kifer
Barak_Oshri,Annie_Hu,Peter_Adelson,Xiao_Chen,Pascaline_Dupas,Jeremy_Weinstein,Marshall_Burke,David_B._Lobell,Stefano_Ermon
Yujie_Fan,Shifu_Hou,Yiming_Zhang_0002,Yanfang_Ye,Melih_Abdulhayoglu
Klaus_Ackermann,Joe_Walsh,Adolfo_De_Unánue,Hareem_Naveed,Andrea_Navarrete_Rivera,Sun-Joo_Lee,Jason_Bennett,Michael_Defoe,Crystal_Cody,Lauren_Haynes,Rayid_Ghani
Mengdi_Huai,Chenglin_Miao,Yaliang_Li,Qiuling_Suo,Lu_Su,Aidong_Zhang
Yuxiang_Xie,Nanyu_Chen,Xiaolin_Shi
Yexin_Li,Yu_Zheng,Qiang_Yang
Vijay_Manikandan_Janakiraman
Tom_Decroos,Jan_Van_Haaren,Jesse_Davis
Weichang_Wu,Junchi_Yan,Xiaokang_Yang,Hongyuan_Zha
Grégoire_Jauvion,Nicolas_Grislain,Pascal_Dkengne_Sielenou,Aurélien_Garivier,Sébastien_Gerchinovitz
Wenchao_Yu,Cheng_Zheng,Wei_Cheng_0002,Charu_C._Aggarwal,Dongjin_Song,Bo_Zong,Haifeng_Chen,Wei_Wang_0010
Kun_Kuang,Peng_Cui_0001,Susan_Athey,Ruoxuan_Xiong,Bo_Li_0064
Yee_Whye_Teh
Jun-Yong_Jeong,Chi-Hyuck_Jun
Martin_Valdez-Vivas,Caner_Gocmen,Andrii_Korotkov,Ethan_Fang,Kapil_Goenka,Sherry_Chen
Yu_Shi,Qi_Zhu_0008,Fang_Guo,Chao_Zhang_0014,Jiawei_Han_0001
Leonardo_Pellegrina,Fabio_Vandin
Guineng_Zheng,Subhabrata_Mukherjee,Xin_Luna_Dong,Feifei_Li_0001
Yihong_Chen,Bei_Chen,Xuguang_Duan,Jian-Guang_Lou,Yue_Wang,Wenwu_Zhu_0001,Yong_Cao
Supreeth_Prajwal_Shashikumar,Amit_J._Shah,Gari_D._Clifford,Shamim_Nemati
Abdurrahman_Yasar,Ümit_V._Çatalyürek
Jinfeng_Rao,Ferhan_Türe,Jimmy_Lin
Jan_N._van_Rijn,Frank_Hutter
Yeming_Shi,Claudia_Perlich,Rod_Hook,Wickus_Martin,Melinda_Han_Williams,Justin_Moynihan,Patrick_McCarthy,Peter_Lenz,Reka_Daniel-Weiner,Roger_Cost
Alvin_E._Roth
Rui_Paulo_Ruhrländer,Martin_Boissier_0001,Matthias_Uflacker
Zheng_Wang,Kun_Fu,Jieping_Ye
Tong_Yang_0003,Junzhi_Gong,Haowei_Zhang,Lei_Zou_0001,Lei_Shi,Xiaoming_Li_0001
Zheng_Liu_0011,Xing_Xie,Lei_Chen_0002
Boyang_Liu,Pang-Ning_Tan,Jiayu_Zhou
Hung_Le,Truyen_Tran_0001,Svetha_Venkatesh
Yan_Gao,Viral_Gupta,Jinyun_Yan,Changji_Shi,Zhongen_Tao,P._J._Xiao,Curtis_Wang,Shipeng_Yu,Rómer_Rosales,Ajith_Muralidharan,Shaunak_Chatterjee
Yanbo_Xu,Siddharth_Biswal,Shriprasad_R._Deshpande,Kevin_O._Maher,Jimeng_Sun
William_Herlands,Edward_McFowland_III,Andrew_Gordon_Wilson,Daniel_B._Neill
Abdulhakim_Ali_Qahtan,Ahmed_K._Elmagarmid,Raul_Castro_Fernandez,Mourad_Ouzzani,Nan_Tang_0001
Himchan_Park,Min-Soo_Kim_0002
Ya_Xu,Weitao_Duan,Shaochen_Huang
Chaochao_Chen_0001,Ziqi_Liu,Peilin_Zhao,Longfei_Li,Jun_Zhou_0011,Xiaolong_Li_0005
Lu_Wang,Wei_Zhang_0056,Xiaofeng_He,Hongyuan_Zha
Zilong_Bai,Buyue_Qian,Ian_Davidson
Yi_Tay,Luu_Anh_Tuan,Siu_Cheung_Hui
Jonathan_Chung,Sarah_A._Chau,Nathan_Herrmann,Krista_L._Lanctôt,Moshe_Eizenman
Issei_Sato,Yukihiro_Nomura,Shouhei_Hanaoka,Soichiro_Miki,Naoto_Hayashi,Osamu_Abe,Yoshitaka_Masutani
Dongjin_Song,Ning_Xia,Wei_Cheng_0002,Haifeng_Chen,Dacheng_Tao
Mayur_Datar
Kamran_Ghasedi_Dizaji,Xiaoqian_Wang,Heng_Huang
Xiaojun_Chen_0006,Weijun_Hong,Feiping_Nie_0001,Dan_He,Min_Yang_0007,Joshua_Zhexue_Huang
Bowen_Du,Yongxin_Tong,Zimu_Zhou,Qian_Tao,Wenjun_Zhou_0001
Hua_Wei_0001,Guanjie_Zheng,Huaxiu_Yao,Zhenhui_Li
Yan_Zhao_0008,Shuo_Shang,Yu_Wang,Bolong_Zheng,Quoc_Viet_Hung_Nguyen,Kai_Zheng_0001
Khanh_Nguyen,Trung_Le,Tu_Dinh_Nguyen,Dinh_Q._Phung,Geoffrey_I._Webb
Nandani_Garg,Sayan_Ranu
Fabio_Petroni,Natraj_Raman,Timothy_Nugent,Armineh_Nourbakhsh,Zarko_Panic,Sameena_Shah,Jochen_L._Leidner
Heidar_Davoudi,Aijun_An,Morteza_Zihayat,Gordon_Edall
Rediet_Abebe,Jon_M._Kleinberg,David_C._Parkes,Charalampos_E._Tsourakakis
Houdong_Hu,Yan_Wang,Linjun_Yang,Pavel_Komlev,Li_Huang,Xi_(Stephen)_Chen,Jiapei_Huang,Ye_Wu,Meenaz_Merchant,Arun_Sacheti
Yabo_Ni,Dan_Ou,Shichen_Liu,Xiang_Li,Wenwu_Ou,Anxiang_Zeng,Luo_Si
Maksim_Koptelov,Albrecht_Zimmermann,Pascal_Bonnet,Ronan_Bureau,Bruno_Crémilleux
Ping_Zhang,Zhifeng_Bao,Yuchen_Li_0001,Guoliang_Li_0001,Yipeng_Zhang,Zhiyong_Peng
Ali_Batuhan_Yardim,Victor_Kristof,Lucas_Maystre,Matthias_Grossglauser
Ke_Tu,Peng_Cui_0001,Xiao_Wang_0017,Philip_S._Yu,Wenwu_Zhu_0001
Reihaneh_Rabbany,David_Bayani,Artur_Dubrawski
Jie_Gui,Ping_Li_0001
Thomas_Vandal,Evan_Kodra,Jennifer_G._Dy,Sangram_Ganguly,Ramakrishna_R._Nemani,Auroop_R._Ganguly
Mrinmaya_Sachan,Eric_P._Xing
Peng_Ye,Julian_Qian,Jieying_Chen,Chen-Hung_Wu,Yitong_Zhou,Spencer_De_Mars,Frank_Yang,Li_Zhang
Ying_Sheng_0002,Sandeep_Tata,James_B._Wendt,Jing_Xie_0002,Qi_Zhao,Marc_Najork
Zemin_Liu,Vincent_W._Zheng,Zhou_Zhao,Zhao_Li,Hongxia_Yang,Minghui_Wu,Jing_Ying
Suju_Rajan
Pan_Lu,Lei_Ji,Wei_Zhang_0056,Nan_Duan,Ming_Zhou_0001,Jianyong_Wang_0001
Alex_Deng,Ulf_Knoblich,Jiannan_Lu
Chen_Zhang,Yijun_Wang,Can_Chen,Changying_Du,Hongzhi_Yin,Hao_Wang_0005
Ziwei_Zhang,Peng_Cui_0001,Xiao_Wang_0017,Jian_Pei,Xuanrong_Yao,Wenwu_Zhu_0001
Xulei_Yang,Zeng_Zeng,Sin_G._Teo,Li_Wang_0057,Vijay_Chandrasekhar_0001,Steven_C._H._Hoi
Jacob_D._Abernethy,Alex_Chojnacki,Arya_Farahi,Eric_M._Schwartz,Jared_Webb
Shimin_Di,Jingshu_Peng,Yanyan_Shen,Lei_Chen_0002
Hongyuan_Zhu,Qi_Liu_0003,Nicholas_Jing_Yuan,Chuan_Qin_0002,Jiawei_Li,Kun_Zhang,Guang_Zhou,Furu_Wei,Yuanchun_Xu,Enhong_Chen
David_Cohen-Steiner,Weihao_Kong,Christian_Sohler,Gregory_Valiant
Yutao_Zhang,Fanjin_Zhang,Peiran_Yao,Jie_Tang_0001
Samet_Ayhan,Pablo_Costas,Hanan_Samet
Jing_Zhang,Xindong_Wu_0001
Konstantina_Christakopoulou,Alex_Beutel,Rui_Li,Sagar_Jain,Ed_H._Chi
Federico_Tomasi,Veronica_Tozzo,Saverio_Salzo,Alessandro_Verri
Liang_Zhao_0002,Amir_Alipour-Fanid,Martin_Slawski,Kai_Zeng_0001
Srinivasan_Iyengar,Stephen_Lee,David_E._Irwin_0001,Prashant_J._Shenoy,Benjamin_Weil
Hiroki_Sugiura,Taichi_Kiwaki,Siamak_Yousefi,Hiroshi_Murata,Ryo_Asaoka,Kenji_Yamanishi
Jiaqi_Ma_0001,Zhe_Zhao,Xinyang_Yi,Jilin_Chen,Lichan_Hong,Ed_H._Chi
Sheng-Jun_Huang,Miao_Xu,Ming-Kun_Xie,Masashi_Sugiyama,Gang_Niu_0001,Songcan_Chen
Bang_Zhang,Lelin_Zhang,Ting_Guo,Yang_Wang_0002,Fang_Chen_0001
Zeyang_Ye,Lihao_Zhang,Keli_Xiao,Wenjun_Zhou_0001,Yong_Ge,Yuefan_Deng
Atsutoshi_Kumagai,Tomoharu_Iwata
Charles_Sutton,Timothy_Hobson,James_Geddes,Rich_Caruana
Xumin_Chen,Peng_Cui_0001,Lingling_Yi,Shiqiang_Yang
Hongxu_Chen,Hongzhi_Yin,Weiqing_Wang_0001,Hao_Wang_0005,Quoc_Viet_Hung_Nguyen,Xue_Li
Evangelia_Christakopoulou,George_Karypis
Ninghao_Liu,Xiao_Huang_0001,Jundong_Li,Xia_Hu
Zhaoyang_Liu,Yanyan_Shen,Yanmin_Zhu
Shuai_Li_0010,Yasin_Abbasi-Yadkori,Branislav_Kveton,S._Muthukrishnan,Vishwa_Vinay,Zheng_Wen
Deepak_Agarwal,Kinjal_Basu_0001,Souvik_Ghosh,Ying_Xuan,Yang_Yang,Liang_Zhang_0021
Aris_Anagnostopoulos,Carlos_Castillo_0001,Adriano_Fazzone,Stefano_Leonardi,Evimaria_Terzi
Yongjun_Chen,Hongyang_Gao,Lei_Cai,Min_Shi,Dinggang_Shen,Shuiwang_Ji
Joseph_Sirosh
Qiao_Liu_0003,Yifu_Zeng,Refuoe_Mokhosi,Haibin_Zhang
Alex_Gittens,Kai_Rothauge,Shusen_Wang,Michael_W._Mahoney,Lisa_Gerhardt,Prabhat,Jey_Kottalam,Michael_F._Ringenburg,Kristyn_J._Maschhoff
Claire_Donnat,Marinka_Zitnik,David_Hallac,Jure_Leskovec
Bo_Zhao,Koichiro_Narita,Burkay_Orten,John_Egan
Xi_Chen,Jefrey_Lijffijt,Tijl_De_Bie
Yu_Yin,Zhenya_Huang,Enhong_Chen,Qi_Liu_0003,Fuzheng_Zhang,Xing_Xie_0001,Guoping_Hu
Xin_Luna_Dong
Joel_Janek_Dabrowski,Ashfaqur_Rahman,Andrew_George,Stuart_Arnold,John_McCulloch
Mengnan_Du,Ninghao_Liu,Qingquan_Song,Xia_Hu
Anton_Tsitsulin,Davide_Mottin,Panagiotis_Karras,Alexander_M._Bronstein,Emmanuel_Müller
Wush_Chi-Hsuan_Wu,Mi-Yen_Yeh,Ming-Syan_Chen
Kai_Ming_Ting,Yue_Zhu,Zhi-Hua_Zhou
Ângelo_Cardoso,Fabio_Daolio,Saúl_Vargas
Ji_Wang_0002,Jianguo_Zhang_0005,Weidong_Bao,Xiaomin_Zhu_0001,Bokai_Cao,Philip_S._Yu
Changying_Du,Changde_Du,Xingyu_Xie,Chen_Zhang,Hao_Wang
Mark_Silvis,Anthony_Sicilia,Alexandros_Labrinidis
Zhengyang_Wang,Shuiwang_Ji
Austin_R._Benson,Ravi_Kumar_0001,Andrew_Tomkins
Mengying_Sun,Inci_M._Baytas,Liang_Zhan,Zhangyang_Wang,Jiayu_Zhou
Mengyue_Hang,Ian_Pytlarz,Jennifer_Neville
Yaguang_Li,Kun_Fu,Zheng_Wang,Cyrus_Shahabi,Jieping_Ye,Yan_Liu_0002
Emaad_A._Manzoor,Hemank_Lamba,Leman_Akoglu
Serene_W._H._Wong,Chiara_Pastrello,Max_Kotlyar,Christos_Faloutsos,Igor_Jurisica
Matteo_Riondato,Fabio_Vandin
James_Hodson
Gyoung_S._Na,Dong_Hyun_Kim,Hwanjo_Yu
Fabian_Gieseke,Christian_Igel
Yogesh_Dahiya,Dimitris_Konomis,David_P._Woodruff
Yongkai_Wu,Lu_Zhang_0021,Xintao_Wu
Dingyuan_Zhu,Peng_Cui_0001,Daixin_Wang,Wenwu_Zhu_0001
Mayanka_Chandrashekar,Yugyung_Lee
Byron_J._Gao,Jose_A._Lopez
Manal_Almuammar,Maria_Fasli
YongQing_Liang
Mostafa_Haghir_Chehreghani,Albert_Bifet,Talel_Abdessalem
Matthew_Bredin,Abdel-Hameed_A._Badawy,Janice_O._McMahon,Shannon_K._Kuntz
Derek_Lin,Baoming_Tang
Sotiris_K._Tasoulis,Aristidis_G._Vrahatis,Spiros_V._Georgakopoulos,Vassilis_P._Plagianakos
Vipul_Gupta,Shusen_Wang,Thomas_A._Courtade,Kannan_Ramchandran
Aras_Can_Onal,Omer_Berat_Sezer,A._Murat_Ozbayoglu,Erdogan_Dogdu
Saïd_Jabbour,Nizar_Mhadhbi,Badran_Raddaoui,Lakhdar_Sais
Yao_Wan,Wenqiang_Yan,Jianwei_Gao,Zhou_Zhao,Jian_Wu_0001,Philip_S._Yu
Eirini_Stamoulakatou,Andrea_Gulino,Pietro_Pinoli
Hongsheng_Wang,Shengcai_Liao,Zhen_Lei,Yang_Yang
Silvia_Cisotto,Randa_Herzallah
Craig_Mustard,Alexandra_Fedorova
Anna_Poon,Steve_Jankly,Tingting_Chen
Eyhab_Al-Masri,Lingwei_Meng
Xiaoyi_Lu,Dipti_Shankar,Haiyang_Shi,Dhabaleswar_K._Panda
Peter_Gronvall,Nathaniel_Huber-Fliflet,Jianping_Zhang,Robert_Keeling,Robert_Neary,Haozhen_Zhao
Benjamin_Johannes_Flesch
Dawei_Zhou,Jingrui_He,Hasan_Davulcu,Ross_Maciejewski
Flavia_Fulco,Munenari_Inoguchi,Tomoya_Mikami
Azam_Hamidinekoo,Zaineb_Chelly_Dagdia,Zobia_Suhail,Reyer_Zwiggelaar
Ngoc_Tan_Le,Fatiha_Sadat
Tao_Li_0019,Xudong_Liu,Shihan_Su
Talha_Karadeniz,Erdogan_Dogdu
Jacob_Montiel,Albert_Bifet,Viktor_Losing,Jesse_Read,Talel_Abdessalem
Rui_Ren,Jiechao_Cheng,Yan_Yin,Jianfeng_Zhan,Lei_Wang_0004,Jinheng_Li,Chunjie_Luo
Yusuke_Suzuki,Masaki_Matsubara,Keishi_Tajima,Toshiyuki_Amagasa,Atsuyuki_Morishima
Jiansen_Huang,Hui_Li,Jiyang_Zhang
Konstantinos_Moutselos,Dimosthenis_Kyriazis,Vasiliki_Diamantopoulou,Ilias_Maglogiannis
Kenneth_Thibodeau
Leila_Karimi,James_Joshi
Xuan-Hong_Dang,Omid_Askarisichani,Ambuj_K._Singh
Tiffany_Hyun-Jin_Kim,Joshua_Lampkins
Pei_Pei_Chen,Anna_Guitart,Ana_Fernández_del_Río,Africa_Perianez
Ritwik_Gupta,Carson_D._Sestili,Javier_A._Vazquez-Trejo,Matthew_E._Gaston
Donghui_Yan,Yingjie_Wang,Jin_Wang,Honggang_Wang_0001,Zhenpeng_Li
Anying_Li,Derek_Lin
Sebastian_Werner,Jörn_Kuhlenkamp,Markus_Klems,Johannes_Müller,Stefan_Tai
Amlan_Chatterjee,Rushabh_Jitendrakumar_Shah,Khondker_S._Hasan
Ashkan_Samiee,Yinjie_Huang,Yu_Bai_0004
Xingfen_Wang,Xiangbin_Yan,Yangchun_Ma
Matthew_Dwyer,John_Hwang,Alexander_Shires,Jacob_Cohen
Dimitris_Berberidis,Athanasios_N._Nikolakopoulos,Georgios_B._Giannakis
Kevin_Degila,Rahhal_Errattahi,Asmaa_El_Hannani
Anil_Gaihre,Yan_Luo,Hang_Liu
Antonio_Lopardo,Marco_Brambilla_0001
Andong_Wang,Victor_O._K._Li,Jacqueline_C._K._Lam
Yang_Zhang_0031,Yiwen_Lu,Daniel_Zhang_0001,Lanyu_Shang,Dong_Wang_0002
Eranga_Bandara,Wee_Keong_Ng,Kasun_De_Zoysa,Newton_Fernando,Supun_Tharaka,P._Maurakirinathan,Namal_Jayasuriya
Siyuan_Liu,Arijit_Khan
Khaled_Bouaziz,Thiagarajan_Ramakrishnan,Srinivasan_Raghavan_0003,Kyle_Grove,Awny_Al-Omari,Choudur_Lakshminarayan
Fuxin_Jiang,Wei_Shang
Karan_Aggarwal,Swaraj_Khadanga,Shafiq_R._Joty,Louis_Kazaglis,Jaideep_Srivastava
Mai_H._Nguyen,Jessica_Block,Daniel_Crawl,Vincent_Siu,Akshit_Bhatnagar,Federico_Rodríguez,Alison_Kwan,Namrita_Baru,Ilkay_Altintas
Dianwei_Han,Ankit_Agrawal,Wei-keng_Liao,Alok_N._Choudhary
Yanbo_J._Wang,Ming_Ding,Shichao_Kan,Shifeng_Zhang,Chenyue_Lu
Ayman_Zeidan,Eemil_Lagerspetz,Kai_Zhao,Petteri_Nurmi,Sasu_Tarkoma,Huy_T._Vo
Takafumi_Suzuki,Satoshi_Oyama,Masahito_Kurihara
Niyazi_Sorkunlu,Duc_Thanh_Anh_Luong,Varun_Chandola
Yuanxun_Zhang,Prasad_Calyam,Trupti_Joshi,Satish_Nair,Dong_Xu_0002
Bob_Vanderheyden,Ying_Xie
Sangaralingam_Kajanan,Nisha_Verma,Aravind_Ravi,Anindya_Datta,Varun_Chugh
Junxian_Song,Rong_Wen,Wenjing_Yan
Avni_Gulati,Magdalini_Eirinaki
Daren_Ler,Hongyu_Teng,Yu_He,Rahul_Gidijala
Soheila_Abrishami,Piyush_Kumar
So_Hirai,Kenji_Yamanishi
Alex_Kaplunovich,Yelena_Yesha
Sandro_Fiore,Donatello_Elia,Cosimo_Palazzo,Alessandro_D'Anca,Fabrizio_Antonio,Dean_N._Williams,Ian_T._Foster,Giovanni_Aloisio
Giovanni_Capobianco,Umberto_Di_Giacomo,Francesco_Mercaldo,Antonella_Santone
Sayed_Khushal_Shah,Zeenat_Tariq,Yugyung_Lee
Hayato_Nakashima,Ismail_Arai,Kazutoshi_Fujikawa
Ahmad_O._Aseeri,Yu_Zhuang,Mohammed_Saeed_Alkatheiri
Sara_Riazi,Sriram_Srinivasan_0001,Sajal_K._Das_0001,Sanjukta_Bhowmick,Boyana_Norris
Ranjeet_Devarakonda,Michael_Giansiracusa,Jitendra_Kumar_0001
Shadrack_Katuu
Gharib_Gharibi,Rakan_Alanazi,Yugyung_Lee
Venkat_R._Dasari,Scott_E._Brown,David_M._Alexander,Vincent_Perry,Simon_Su
Concepcion_Sanchez_Aleman,Niki_Pissinou,Sheila_Alemany,Georges_A._Kamhoua
Yu_Sun,Lluis_Garcia_Pueyo,James_B._Wendt,Marc_Najork,Andrei_Z._Broder
Zhong_Chen_0003,Zhide_Fang,Jiabin_Zhao,Wei_Fan_0001,Andrea_Edwards,Kun_Zhang_0012
Hirotaka_Hashimoto,Masaki_Matsubara,Yuhki_Shiraishi,Daisuke_Wakatsuki,Jianwei_Zhang_0002,Atsuyuki_Morishima
Seyed-Vahid_Sanei-Mehri,Apurba_Das,Srikanta_Tirthapura
Sara_Kangaslahti,Anoop_Kumar
Keiko_Tamura,Munenari_Inoguchi,Kei_Horie,Ryota_Hamamoto,Haruo_Hayashi
Ahmed_Lasisi,Emmanuel_Nii_Martey,Dominique_Guillot,Nii_O._Attoh-Okine
Kazi_Aminul_Islam,Daniel_Pérez_0002,Jiang_Li_0001
Sheikh_Rabiul_Islam,Sheikh_Khaled_Ghafoor,William_Eberle
Eyhab_Al-Masri,Ibrahim_Diabate,Richa_Jain,Ming_Hoi_Lam,Swetha_Reddy_Nathala
Aparna_Joshi,Yu_Zhang,Petko_Bogdanov,Jeong-Hyon_Hwang
Dev_Shah,Wesley_Campbell,Farhana_H._Zulkernine
Aishwarya_Srivastava,Dung_Nguyen,Siddhant_Aggarwal,André_Luckow,Edward_B._Duffy,Ken_Kennedy,Marcin_Ziolkowski,Amy_W._Apon
Sihuan_Li,Sheng_Di,Xin_Liang_0001,Zizhong_Chen,Franck_Cappello
Daniel_Rammer,Walid_Budgaga,Thilina_Buddhika,Shrideep_Pallickara,Sangmi_Lee_Pallickara
Henry_Kvinge,Elin_Farnell,Michael_Kirby,Chris_Peterson
Lukasz_Sosnowski,Wojciech_Chaber,Lukasz_Milobedzki,Tomasz_Penza,Jadwiga_Sosnowska,Karol_Zaleski,Joanna_Fedorowicz,Iwona_Szymusik,Dominik_Slezak
Nikos_Zacheilas,Dimitris_Dedousis,Vana_Kalogeraki
Vung_Pham,Tommy_Dang
Monika_Sharma,Tristan_Glatard,Éric_Gélinas,Mariam_Tagmouti,Brigitte_Jaumard
Junjie_Liang,Jinlong_Hu,Shoubin_Dong,Vasant_G._Honavar
David_Schweitzer,Rajeev_Agrawal
Yuanzhe_Chen,Abishek_Puri,Linping_Yuan,Huamin_Qu
Md_Faisal_Kabir,Simone_A._Ludwig,Abu_Saleh_Abdullah
Bo_Dong,Md_Shihabul_Islam,Swarup_Chandra,Latifur_Khan,Bhavani_M._Thuraisingham
Maryam_Pishgar,Fazle_Karim,Somshubra_Majumdar,Houshang_Darabi
Maksim_Podkorytov,Michael_N._Gubanov
Richard_Marciano,William_Underwood,Mohammad_Hanaee,Connor_Mullane,Aakanksha_Singh,Zayden_Tethong
Tomasz_Dryjanski,Pawel_Bujnowski,Hyungtak_Choi,Katarzyna_Podlaska,Kamil_Michalski,Katarzyna_Beksa,Pawel_Kubik
Sanchya_Bhagat,Keerthanaa_Saminathan,Anisha_Agarwal,Rafael_Dowsley,Martine_De_Cock,Anderson_C._A._Nascimento
Jagat_Sesh_Challa,Poonam_Goyal,Vijay_M._Giri,Dhananjay_Mantri,Navneet_Goyal
Seung-Shik_Kang,Minhaeng_Lee
Kasumi_Kato,Atsuko_Takefusa,Hidemoto_Nakada,Masato_Oguchi
Casey_Lorenzen,Rajeev_Agrawal,Jason_King
Jungang_Xu,Shanshan_Huang,Renfeng_Liu,Pengfei_Li
Raghavan_Krishnan,Sarangapani_Jagannathan,V._A._Samaranayake
Depeng_Xu,Shuhan_Yuan,Lu_Zhang_0021,Xintao_Wu
Mohammad_Maminur_Islam,Khan_Mohammad_Al_Farabi,Somdeb_Sarkhel,Deepak_Venugopal
Dominik_Riemer
Christopher_B._Freas,Robert_W._Harrison,Yuan_Long
Syed_Yousaf_Shah,Xuan-Hong_Dang,Petros_Zerfos
Judith_Bayard_Cushing,Denise_Lach,Chad_Zanocco,Jonathan_J._Halama
Nathaniel_Payne
Florent_Forest,Jérôme_Lacaille,Mustapha_Lebbah,Hanene_Azzag
Minh_Pham,Jing_Lin,Yanjia_Zhang
Anthony_F._Breitzman
Ahmad_O._Aseeri,Yu_Zhuang,Mohammed_Saeed_Alkatheiri,Bipana_Thapaliya
Lei_Zheng_0001,Yixue_Wang,Lifang_He_0001,Sihong_Xie,Fengjiao_Wang,Philip_S._Yu
Shweta_Sinha,Marcia_Seys
Shusaku_Tsumoto,Shoji_Hirano,Tomohiro_Kimura,Haruko_Iwata
Hailu_Xu,Boyuan_Guan,Pinchao_Liu,William_Escudero,Liting_Hu
Sachini_Jayasekara,Shanika_Karunasekera,Aaron_Harwood
Sedigheh_Mahdavi,Shima_Khoshraftar,Aijun_An
Rui_Ma,Xiangxiang_Xu_0001,Yue_Wang,Hae_Young_Noh,Pei_Zhang_0001,Lin_Zhang_0001
Jiayi_Duan,Ziheng_Zeng,Alina_Oprea,Shobha_Vasudevan
Eyhab_Al-Masri
Fausto_Fasano,Fabio_Martinelli,Francesco_Mercaldo,Antonella_Santone
Foteini_Cheirdari,George_Karabatis
Yangdi_Lu,Yang_Bo,Wenbo_He,Amir_Nabatchian
Péter_Király,Marco_Büchler
Keith_Hollingsworth,Kathryn_Rouse,Jin_Cho,Austin_Harris_0002,Mina_Sartipi,Sevin_Sozer,Bryce_Enevoldson
Kaiyu_Tang,Yixin_Bao,Zhijian_Zhao,Liang_Zhu,Yining_Lin,Yao_Peng
Ishani_Chakraborty
Marco_Pulimeno,Italo_Epicoco,Massimo_Cafaro,Catiuscia_Melle,Giovanni_Aloisio
Nenad_Stojanovic,Dejan_Milenovic
Yangchun_Qing,Yafei_Zhao,Yongjie_Shi,Dan_Chen,Yining_Lin,Yao_Peng
Nikolas_Lamb,Mooi_Choo_Chuah
Saeed_Karimi-Bidhendi,Faramarz_Munshi,Ashfaq_Munshi
Tommy_Dang,Ngan_V._T._Nguyen,Vung_Pham
Dave_Poortvliet,Xinli_Wang
Weipeng_Wu,Chaoqun_Hong,Yong_Xie,Liang_Chen
Zohreh_Raghebi,Farnoush_Banaei_Kashani
Chung-Ki_Seo,Jun-Ha_Kim,Soon-Youl_Kwon
Abdulrahman_Azab,Hein_Meling,Eivind_Hovig,Antti_Pursula
Christian_Beecks,Alexander_Grass,Shreekantha_Devasya
Christian_J._Mahoney,Nathaniel_Huber-Fliflet,Katie_Jensen,Haozhen_Zhao,Robert_Neary,Shi_Ye
Yujian_Charles_Tang,Samia_Tasnim,Niki_Pissinou,S._S._Iyengar_0001,Abdur_R._Shahid
Masaki_Matsubara,Masaki_Kobayashi,Atsuyuki_Morishima
Walid_Chaabene,Bert_Huang
Daniel_Bauer,Florian_Froese,Luis_Garcés-Erice,Sean_Rooney,Peter_Urbanetz
Debasish_Chakroborti,Manishankar_Mondal,Banani_Roy,Chanchal_K._Roy,Kevin_A._Schneider
Masaru_Kitsuregawa
Fan_Yang,Ying_Lu
Jérémy_Lhez,Badre_Belabbess,Olivier_Curé
Rong_Wen,Wenjing_Yan
Adam_James_Hall,Nikolaos_Pitropakis,William_J._Buchanan,Naghmeh_Moradpoor
Yingchi_Liu,Quanzhi_Li,Xiaozhong_Liu,Luo_Si
Nils_Gruschka,Vasileios_Mavroeidis,Kamer_Vishi,Meiko_Jensen
Marco_Strutz,Bjoern_Lindequist,Hermann_Heßling,Achim_Streit
Aude_Marzuoli,Fengmei_Liu
Laha_Ale,Ning_Zhang_0007,Longzhuang_Li
Nathalia_Moraes_do_Nascimento,Paulo_S._C._Alencar,Carlos_Lucena,Donald_D._Cowan
Jiahui_Wu,Lingzi_Hong,Vanessa_Frías-Martínez
Sashi_Thapaliya,Sampath_Jayarathna,Mark_Jaime
Nozomi_Hata,Takashi_Nakayama,Akira_Tanaka,Takashi_Wakamatsu,Akihiro_Yoshida,Nariaki_Tateiwa,Yuri_Nishikawa,Jun_Ozawa,Katsuki_Fujisawa
Mingxuan_Ju,Zhengkai_Jiang,Yufan_Chen,Soumya_Ray
Xiao_Liang,Shuyin_Xia,Qun_Liu,Yunsheng_Liu,Baiyun_Chen,Guoyin_Wang_0001
Artur_Kuzin,Artur_Fattakhov,Ilya_Kibardin,Vladimir_I._Iglovikov,Ruslan_Dautov
Mohammad_Al_Boni,Seth_Green,Megan_Stiles,Katherine_Harton,Donald_E._Brown
Baijian_Yang,Mengyao_Wang,Zhenzhi_Xu,Tonglin_Zhang
Jian_Kang,Meijia_Wang,Nan_Cao,Yinglong_Xia,Wei_Fan_0001,Hanghang_Tong
Maroua_Bahri,Silviu_Maniu,Albert_Bifet
Marcelo_Tallis,Pranjul_Yadav
Zaineb_Chelly_Dagdia,Christine_Zarges,Gaël_Beck,Hanene_Azzag,Mustapha_Lebbah
Ugur_Çayoglu,Frank_Tristram,Jörg_Meyer_0001,Tobias_Kerzenmacher,Peter_Braesicke,Achim_Streit
David_Schweitzer,Rajeev_Agrawal
Roberto_Camacho_Barranco,Raimundo_F._Dos_Santos,Mahmud_Shahriar_Hossain,Monika_Akbar
Arie_Wahyu_Wijayanto,Jun_Jin_Choong,Kaushalya_Madhawa,Tsuyoshi_Murata
Jessica_Wojtkiewicz,Satya_Katragadda,Raju_Gottumukkala
Maria_A._Voinea,Alexandru_Uta,Alexandru_Iosup
Zhixiang_Wang,Bin_Wu,Demeng_Bai,Jiafeng_Qin
Andrea_Giovannucci,Victor_Minden,Cengiz_Pehlevan,Dmitri_B._Chklovskii
Yoko_Yamakata,Keishi_Tajima,Shinsuke_Mori
Zhen_Chen_0005,Hanghang_Tong,Lei_Ying
J._D._Preece,J._M._Easton
Somayah_Karsoum,Le_Gruenwald,Eleazar_Leal
Niklas_Stoehr,Johannes_Meyer,Volker_Markl,Qiushi_Bai,Taewoo_Kim_0001,De-Yu_Chen,Chen_Li_0001
Blaise_Agüera_y_Arcas
Abdullah_Alfarrarjeh,Seon_Ho_Kim,Shivnesh_Rajan,Akshay_Deshmukh,Cyrus_Shahabi
Scott_Buffett
Yali_Gao,Xiaoyong_Li_0003,Jirui_Li,Yunquan_Gao,Ning_Guo
Eyhab_Al-Masri,Misba_Momin
YiJun_Shao,Stephanie_Taylor,Nell_J._Marshall,Craig_A._Morioka,Qing_Zeng-Treitler
Navyasree_Petluri,Eyhab_Al-Masri
Sami_Mokaddem,Gérard_Wagener,Alexandre_Dulaunoy
Claire_C._Austin
Andrew_Baas,Frances_Hung,Hao_Sha,Mohammad_Al_Hasan,George_O._Mohler
Tianlang_Chen,Yuxiao_Chen,Han_Guo,Jiebo_Luo
Kavya_Guntupally,Ranjeet_Devarakonda,Kenneth_Kehoe
Naoki_Mizusawa,Joichiro_Kon,Yuya_Seki,Jian_Tao,Saneyasu_Yamaguchi
Jingwei_Huang
Xuedong_Huang_0001
Neeraj_Pradhan,Vinay_Deolalikar,Deependra_Singh
Kiran_Karra,Samarth_Swarup,Justus_Graham
Yizhi_Mao,Miao_Chen,Abhinav_Wagle,Junwei_Pan,Michael_Natkovich,Don_Matheson
Tal_Shachaf,Alexander_Sim,Kesheng_Wu,Wilko_Kroeger
Miki_E._Verma,Robert_A._Bridges
Yibin_Ye,Shenggao_Zhu,Jing_Wang,Qi_Du,Yezhang_Yang,Dandan_Tu,Lanjun_Wang,Jiebo_Luo
Paulo_S._C._Alencar,Donald_D._Cowan,Doug_Mulholland
Yue_Shi
Yoshihisa_Udagawa
Wanying_Ding,Ran_Xu,Ying_Ding,Yue_Zhang,Chuanjiang_Luo,Zhendong_Yu
Heng_Zhang_0010,Utpal_Roy,Jeffrey_S._Saltz
Vahid_Noroozi,Sara_Bahaadini,Lei_Zheng_0001,Sihong_Xie,Weixiang_Shao,Philip_S._Yu
Savas_Yildirim,Dhanya_Jothimani,Can_Kavaklioglu,Ayse_Basar
Qing_Wang_0016,Chunqiu_Zeng,S._S._Iyengar_0001,Tao_Li_0001,Larisa_Shwartz,Genady_Ya._Grabarnik
Nihat_Inanç,Murat_Kayri,Ömer_Faruk_Ertugrul
Marco_Di_Giovanni,Marco_Brambilla_0001,Stefano_Ceri,Florian_Daniel,Giorgia_Ramponi
Chia-Ping_Tsai,Hung-Chang_Hsiao,Yu-Chang_Chao,Michael_Hsu,Andy_R._K._Chang
Thuan_L._Nguyen
Sachini_Jayasekara,Xunyun_Liu,Shanika_Karunasekera,Aaron_Harwood
Michiharu_Yamashita,Shota_Katsumata,Yusuke_Fukasawa
Zhicheng_Liu,Shuai_Yan,Jun_Cao,Tanhua_Jin,Jiabo_Tang,Junyan_Yang,Qiao_Wang
Soukaina_Filali_Boubrahimi,Rafal_A._Angryk
Wanshan_Yang,Gemeng_Yang,Ting_Huang,Lijun_Chen_0001,Youjian_Eugene_Liu
Thiago_H._P._Silva,Alberto_H._F._Laender,Pedro_O._S._Vaz_de_Melo
Abdeltawab_M._Hendawi,Jayant_Gupta,Jiayi_Liu,Ankur_Teredesai,Naveen_Ramakrishnan,Mohak_Shah,Mohamed_H._Ali
Yang_Zhou,Yan_Huang
Zhiyong_Zhang,Mao_Ye,Yijie_Huang,Nan_Sun
Brian_Isle,Tyler_Smith
Alok_Singh_0004,Ilkay_Altintas,Malachi_Schram,Nathan_R._Tallent
Ruizhe_Ma,Azim_Ahmadzadeh,Soukaina_Filali_Boubrahimi,Rafal_A._Angryk
Alessia_Antelmi,Delfina_Malandrino,Vittorio_Scarano
Benjamin_Korth,Christian_Schwede,Markus_Zajac
Nuno_Freire,Enno_Meijers,Sjors_de_Valk,René_Voorburg,Antoine_Isaac,Roland_Cornelissen
Hassan_Ismail_Fawaz,Germain_Forestier,Jonathan_Weber,Lhassane_Idoumghar,Pierre-Alain_Muller
Yugui_Zhang,Haonan_Fan,Jin_Zheng,Chi_Zhang
Somayeh_Moazeni
Ye_Niu,Abdullah_Al-Mamun_0001,Hui_Lin,Tonglin_Li,Yi_Zhao,Dongfang_Zhao_0001
Colin_K._L._Tay,Kyong_Jin_Shim
Tsung-Yen_Yang,Christopher_G._Brinton,Prateek_Mittal,Mung_Chiang,Andrew_S._Lan
Ivan_Shamshurin,Jeffrey_S._Saltz
Madhavan_R._Padmanabhan,Naresh_Somisetty,Samik_Basu_0001,A._Pavan_0001
Lavanya_Elluri,Ankur_Nagar,Karuna_Pande_Joshi
Sujay_Yadawadkar,Brian_Mayer,Sanket_Lokegaonkar,Mohammad_Raihanul_Islam,Naren_Ramakrishnan,Miao_Song_0007,Michael_Mollenhauer
Zheng_Chen_0010,Xinli_Yu,Yuan_Ling,Bo_Song,Wei_Quan,Xiaohua_Hu_0001,Erjia_Yan
Manish_Puri,Aparna_S._Varde,Boxiang_Dong
Manikandan_R,Sharath_Kumar,Saima_Mohan
Edward_Raff,Booz_Allen_Hamilton,Jared_Sylvester
Stefan_Böttcher,Rita_Hartel
Hossein_Hosseini,Ali_Hooshmand,Ratnesh_Sharma
Tyler_D._Smith
Dingcheng_Li,Jingyuan_Zhang,Ping_Li_0001
Jung-Hun_Kim,Aviv_Segev
Nathaniel_D._Hoefer,Sergio_A._Salinas_Monroy
Mori_Kurokawa,Hao_Niu,Kei_Yonekawa,Arei_Kobayashi,Daichi_Amagata,Takuya_Maekawa,Takahiro_Hara
Linh_Le,Ying_Xie,Vijay_V._Raghavan_0001
Nathalia_Moraes_do_Nascimento,Paulo_S._C._Alencar,Carlos_Lucena,Donald_D._Cowan
Mostafa_Haghir_Chehreghani,Albert_Bifet,Talel_Abdessalem
Haruna_Isah,Farhana_H._Zulkernine
Vinh_T._Nguyen,Vung_Pham,Tommy_Dang
Deependra_Singh,Vinay_Deolalikar
Edward_Raff,Booz_Allen_Hamilton,Mark_McLean
J._Kade_Gibson,Dongeun_Lee_0001,Jaesik_Choi,Alex_Sim
Xuping_Huang
Leila_Jalali,Misbah_Khan,Rahul_Biswas
Xuan-Hong_Dang,Raji_Akella,Somaieh_Bahrami,Vadim_Sheinin,Petros_Zerfos
Philip_Smith,Cuixian_Chen
Amit_Kumar_Sharma_0004,Dhaval_Patel
Ozgun_Pinarer,Sultan_Turhan
Tong_Zhao_0003,Matthew_Malir,Meng_Jiang_0001
Morteza_Mashayekhi,Iman_Rezaeian,Annie_Z._Zhang,Jonathan_Anders
Rui_Tao,Xun_Zhang,Lin_Zhao
Jaya_Shankar_Vuppalapati,Santosh_Kedari,Sharat_Kedari,Rajasekar_Vuppalapati,Chandrasekar_Vuppalapati,Anitha_Ilapakurti
Uchenna_Akujuobi,Ke_Sun_0001,Xiangliang_Zhang_0001
Patrick_Mackey,Katherine_Porterfield,Erin_Fitzhenry,Sutanay_Choudhury,George_Chin_Jr.
Debdeep_Paul,Xu_Chi,Song_Junxian,Jing_Zeng
Zheming_Jin,Hal_Finkel
Chuan_Wang,Takeshi_Onishi,Keiichi_Nemoto,Kwan-Liu_Ma
Zhi_Qiao,Shuwen_Liang,Nandini_Damera,Song_Fu,Hsing-bung_Chen,Michael_Lang_0003
Fucun_Li,Jianqing_Wu,Fang_Dong_0001,Jiayin_Lin,Geng_Sun,Huaming_Chen,Jun_Shen_0001
Yue_Wang_0014,Chenwei_Zhang,Shen_Wang_0005,Philip_S._Yu,Lu_Bai_0001,Lixin_Cui
Sreyasee_Das_Bhattacharjee,William_J._Tolone,Mohammed_Elshambakey,Isaac_Cho,Ashish_Mahabal,S._George_Djorgovski
Bartosz_Krawczyk,Bernhard_Pfahringer,Michal_Wozniak_0001
Burak_Kolukisa,Hilal_Hacilar,Gokhan_Goy,Mustafa_Kus,Burcu_Bakir-Gungor,Atilla_Aral,Vehbi_Cagri_Gungor
Lin_Li,Olga_Simek,Angela_Lai,Matthew_P._Daggett,Charlie_K._Dagli,Cara_Jones
Ayse_S._Cakmak,Erik_Reinertsen,Herman_A._Taylor,Amit_J._Shah,Gari_D._Clifford
Evgeny_Kharlamov,Martin_G._Skjæveland,Dag_Hovland,Theofilos_Mailis,Ernesto_Jiménez-Ruiz,Guohui_Xiao_0001,Ahmet_Soylu,Ian_Horrocks,Arild_Waaler
Leila_Jalali,Sungchul_Kim,Narayanan_Krishnamoorthy,Rahul_Biswas
Fang_(Cherry)_Liu,Yuanjie_Sun,Adele_Yunlan_Sun,Weijia_Xu
Akshay_Kumar,Ahmed_Abdelhadi,Charles_Clancy
Michael_Kaufmann_0005,Kornilios_Kourtis,Adrian_Schüpbach,Martina_Zitterbart
Mahsa_Badami,Olfa_Nasraoui
Ngan_V._T._Nguyen,Vinh_T._Nguyen,Vung_Pham,Tommy_Dang
Hiroshi_Hayano,Masanori_Takano,Soichiro_Morishita,Mitsuo_Yoshida_0001,Kyoji_Umemura
Evgeny_Kharlamov,Gulnar_Mehdi,Ognjen_Savkovic,Guohui_Xiao_0001,Steffen_Lamparter,Ian_Horrocks,Arild_Waaler
Asif_Iqbal,Farhan_Mahmood,Andrii_Shalaginov,Mathias_Ekstedt
Harsha_Deshmukh,John_A._Springer
Duong_Nguyen,Fragkiskos_D._Malliaros
Ryosuke_Homma,Keiichi_Soejima,Mitsuo_Yoshida_0001,Kyoji_Umemura
Benjamin_Kane,Jiebo_Luo
Nahid_Farhady_Ghalaty,Malek_Ben_Salem
Alfredo_Cuzzocrea,Fabio_Martinelli,Francesco_Mercaldo
Nenad_Stojanovic,Milan_Jovic
Boyan_Kolev,Oleksandra_Levchenko,Esther_Pacitti,Patrick_Valduriez,Ricardo_Vilaça,Rui_C._Gonçalves,Ricardo_Jiménez-Peris,Pavlos_Kranas
Archana_Ramalingam,Sharat_Kedari,Chandrasekar_Vuppalapati
Kevin_Villalobos,Jon_Vadillo,Borja_Diez,Borja_Calvo,Arantza_Illarramendi
Li-Chen_Cheng,Yu-Hsiang_Huang,Mu-En_Wu
Chen_Li_0027,Minjia_He,Mahboob_Qaosar,Saleh_Ahmed,Yasuhiko_Morimoto
Zhiyi_Lu,Jacqueline_C._K._Lam,Victor_O._K._Li,Yang_Han,Zafar_Gilani
Tiago_Alves_0002,Alberto_H._F._Laender,Adriano_Veloso,Nivio_Ziviani
Daniel_Yue_Zhang,Lixing_Song,Qi_Li_0016,Yang_Zhang_0031,Dong_Wang_0002
Koyo_Kobayashi,Hidehiko_Shishido,Yoshinari_Kameda,Itaru_Kitahara
Rafael_Messias_Martins,Andreas_Kerren
Fusheng_Wei,Han_Qin,Shi_Ye,Haozhen_Zhao
Eyhab_Al-Masri
Alina_Lazar,Kesheng_Wu,Alex_Sim
Greg_Rowett
Karolyn_O._Babalola,Otis_B._Jennings,Esteban_Urdiales,James_A._DeBardelaben
Li_Chin_Ho,Kyong_Jin_Shim
Tao_Li_0019,Minsoo_Choi,Yuntao_Guo,Lei_Lin
Bogdan_Hoanca,Christina_McDowell_Marinchak,Edward_Forrest
Andreas_Gocht,Christoph_Lehmann,Robert_Schöne
Shweta_Garg_0003,Raghavan_Krishnan,Sarangapani_Jagannathan,V._A._Samaranayake
Takahiro_Yabe,Kota_Tsubouchi,Yoshihide_Sekimoto
Harunobu_Daikoku,Hideyuki_Kawashima,Osamu_Tatebe
Shufang_Hou,Zhicheng_Gong,Qiangqiang_Nie,Quan-Wu_Xiao,Yudong_Tan
Mojtaba_Sedigh_Fazli,Stephen_Andrew_Vella,Silvia_N._J._Moreno,Gary_E._Ward,Shannon_P._Quinn
Alfredo_Cuzzocrea,Carlo_Mastroianni
João_Manuel_Fernandes_Cardoso,Tomasz_Miksa,José_Luis_Borbinha
Ebad_Ahmadzadeh,Philip_K._Chan
Sebastian_Trinks,Carsten_Felden
Rebekah_Thompson,Jose_Stovall,Daniel_Velasquez,Viswa_Sri_Rupa_Anne,Alex_V._Samoylov,Mina_Sartipi
Gerrit_Jansen,Ilya_Verbitskiy,Thomas_Renner,Lauritz_Thamsen
Basmah_Altaf,Lu_Yu_0006,Xiangliang_Zhang_0001
Mona_Nashaat,Aindrila_Ghosh,James_Miller_0001,Shaikh_Quader,Chad_Marston,Jean-François_Puget
Huaming_Chen,Jun_Shen_0001,Lei_Wang_0001,Chi-Hung_Chi
Robiul_Hossain_Md._Rafi,Bo_Tang,Suvash_Sharma
Muhammad_Usman_Tariq,Fahad_Saeed
Vishal_Mandal,Lan_Uong,Yaw_Adu-Gyamfi
Abon_Chaudhuri,Paolo_Messina,Samrat_Kokkula,Aditya_Subramanian,Abhinandan_Krishnan,Shreyansh_Gandhi,Alessandro_Magnani,Venkatesh_Kandaswamy
William_Underwood,David_Weintrop,Michael_Kurtz,Richard_Marciano
Kulsawasd_Jitkajornwanich,Chanwit_Kongthong,Nattaya_Khongsoontornjaroen,Jeedapa_Kaiyasuan,Siam_Lawawirojwong,Panu_Srestasathiern,Siwapon_Srisonphan,Peerapon_Vateekul
Yu_Huang,Mostafa_Milani,Fei_Chiang
Fatima_Zahra,Yan_Liu
Weixian_Liao,Yifan_Guo,Xuhui_Chen,Pan_Li_0001
Akihiro_Yamaguchi,Takeichiro_Nishikawa
Wensheng_Gan,Jerry_Chun-Wei_Lin,Han-Chieh_Chao,Tzung-Pei_Hong,Philip_S._Yu
Otman_Manad,Mehdi_Bentounsi,Patrice_Darmon
Michele_Coscia,Luca_Rossi_0003
Venkata_Suhas_Maringanti,Ming_Shao
Fotis_Savva,Christos_Anagnostopoulos,Peter_Triantafillou
Pei-Chi_Lo,Ee-Peng_Lim
Vasily_Sidorov,Wee_Keong_Ng,Mohamed_Faisal_Bin_Mohamed_Salleh
Tomasz_Grzywalski,Adam_Maciaszek,Adam_Biniakowski,Jan_Orwat,Szymon_Drgas,Mateusz_Piecuch,Riccardo_Belluzzo,Krzysztof_Joachimiak,Dawid_Niemiec,Jakub_Ptaszynski,Krzysztof_Szarzynski
Boris_Kovalerchuk,Nathan_Neuhaus
Mark_A._Williams,Sumi_Dey,Roberto_Camacho_Barranco,Sheikh_Motahar_Naim,Mahmud_Shahriar_Hossain,Monika_Akbar
Yanjun_Pu,Wenjun_Wu_0001,Yong_Han,Dengbo_Chen
Fan_Yang_0057,Alina_Vereshchaka,Wen_Dong_0001
Chen_Yang_0009,Xiaofeng_Meng_0001,Zhihui_Du
Hsiao-Wei_Hu,Yuan-Kuang_Tsay,Chi-Yuan_Peng
Frank_Schoeneman,Varun_Chandola,Nils_Napp,Olga_Wodo,Jaroslaw_Zola
Chengxi_Ye,Chinmaya_Devaraj,Michael_Maynord,Cornelia_Fermüller,Yiannis_Aloimonos
Rameshwar_Pratap,Raghav_Kulkarni,Ishan_Sohony
Kazuyoshi_Ootani,Hayato_Yamana
Nikhil_Muralidhar,Mohammad_Raihanul_Islam,Manish_Marwah,Anuj_Karpatne,Naren_Ramakrishnan
Shan_Jiang,Chengxiang_Zhai,Qiaozhu_Mei
Satya_Katragadda,Raju_Gottumukkala,Murali_Pusala,Vijay_Raghavan_0001,Jessica_Wojtkiewicz
Umar_Aftab,Ghazanfar_Farooq_Siddiqui
Akihiro_Yamaguchi,Shigeru_Maya,Tatsuya_Inagi,Ken_Ueno
Benjamin_Yip,Garrett_Bingham,Katherine_Kempfert,Jonathan_Fabish,Troy_Kling,Cuixian_Chen,Yishi_Wang
Michael_Peran,Brian_Johnston,Pankaj_Srivastava
Junxiang_Wang,Liang_Zhao_0002,Yanfang_Ye
Nikos_R._Katsipoulakis,Alexandros_Labrinidis,Panos_K._Chrysanthis
Yanzhao_Wu,Wenqi_Cao,Semih_Sahin,Ling_Liu_0001
Terri_Elizabeth_Workman,Michael_Hirezi,Eduardo_Trujillo-Rivera,Anita_K._Patel,Julia_A._Heneghan,James_E._Bost,Qing_Zeng-Treitler,Murray_Pollack
Pedro_Cárdenas,Boguslaw_Obara,Georgios_Theodoropoulos_0001,Ibad_Kureshi
Giang_Hoang_Nguyen,John_Boaz_Lee,Ryan_A._Rossi,Nesreen_K._Ahmed,Eunyee_Koh,Sungchul_Kim
Igor_Kotsiuba,Maksym_Nesterov,Yury_Yanovich,Inna_Skarga-Bandurova,Tetiana_Biloborodova,Viacheslav_Zhygulin
Cynthia_A._Glass,Lauren_B._Davis,Xiuli_Qu
David_Renaudie,Maria_A._Zuluaga,Rodrigo_Acuna-Agost
Justin_Sybrandt,Angelo_Carrabba,Alexander_Herzog,Ilya_Safro
Peter_Mathews,Caitlin_Gray,Lewis_Mitchell,Giang_T._Nguyen_0003,Nigel_G._Bean
Zixia_Liu,Hong_Zhang,BingBing_Rao,Liqiang_Wang
Xavier_Andrade,Fabricio_Layedra,Carmen_Vaca,Eduardo_Cruz
Damien_Graux,Louis_Jachiet,Pierre_Genevès,Nabil_Layaïda
Feiyu_Zhu,Suresh_Thapa,Tiao_Gao,Yufeng_Ge,Harkamal_Walia,Hongfeng_Yu
Sara_S._Abdeldayem,Thirimachos_Bourlai
Kambiz_Ghoorchian,Sarunas_Girdzijauskas
Zhongyue_Pei,Xi_Zhang_0008,Fangwei_Zhang,Binxing_Fang
Yutaka_Nakai,Hiroki_Takikawa
Igor_Kotsiuba,Artem_Velykzhanin,Oleg_Biloborodov,Inna_Skarga-Bandurova,Tetiana_Biloborodova,Yury_Yanovich,Viacheslav_Zhygulin
Jane_H._K._Seah,Kyong_Jin_Shim
Huadong_Feng,Jaganmohan_Chandrasekaran,Yu_Lei_0001,Raghu_Kacker,D._Richard_Kuhn
Yawei_Hui,Rizwan_A._Ashraf,Byung_H._Park,Christian_Engelmann
Abhinav_Goel,Zeye_Liu_0001,Ronald_D._Blanton
Hesham_Darvish,Mohammad_Iftekhar_Husain
Abdullah_Al-Mamun_0001,Tonglin_Li,Mohammad_Sadoghi,Dongfang_Zhao_0001
Mohammed_Ghesmoune,Mustapha_Lebbah,Hanane_Azzag,Salima_Benbernou,Mourad_Ouziri,Tarn_Duong
Bin_Yu
Vyacheslav_N._Romanov,Jeffrey_A._Hawk
Michael_Nelson,Sridhar_Radhakrishnan,Chandra_N._Sekharan
Stephen_Lucci,James_L._Cox,Tayfun_Pay
Aamir_Mandviwalla,Keita_Ohshiro,Bo_Ji
Venkata._N._P._Vemuri,Hunter_Jackson,Katherine_Scott
Andrea_Castiello,Gianmarco_Fucci,Angelo_Furno,Eugenio_Zimeo
Chao_Gao,Furqan_Baig,Hoang_Vo,Yangyang_Zhu,Fusheng_Wang_0001
Daniel_Yue_Zhang,Lanyu_Shang,Biao_Geng,Shuyue_Lai,Ke_Li,Hongmin_Zhu,Md._Tanvir_Al_Amin,Dong_Wang_0002
Kathryn_Gray,Daniel_Smolyak,Sarkhan_Badirli,George_O._Mohler
Munenari_Inoguchi,Keiko_Tamura,Kei_Horie,Ryota_Hamamoto,Haruo_Hayashi
Hongmei_Chi,Temilola_Aderibigbe,Bobby_C._Granville
Vibhuti_Gupta,Rattikorn_Hewett
Guoyi_Zhao,Lixin_Gao_0001,David_E._Irwin_0001
Simon_Su,Michael_An,Vincent_Perry,Jianfeng_Jia,Taewoo_Kim_0001,Te-Yu_Chen,Chen_Li_0001
Kyle_Fritchman,Keerthanaa_Saminathan,Rafael_Dowsley,Tyler_Hughes,Martine_De_Cock,Anderson_C._A._Nascimento,Ankur_Teredesai
Alex_Morales,Nupoor_Gandhi,Man-pui_Sally_Chan,Sophie_Lohmann,Travis_Sanchez,Kathleen_A._Brady,Lyle_Ungar,Dolores_Albarracin,ChengXiang_Zhai
André_Luckow,Ken_Kennedy,Marcin_Ziolkowski,Emil_Djerekarov,Matthew_Cook_0004,Edward_B._Duffy,Michael_Schleiss,Bennie_Vorster,Edwin_Weill,Ankit_Kulshrestha,Melissa_C._Smith
Abhijit_Suresh,Tamara_Sumner,Isabella_Huang,Jennifer_Jacobs,Bill_Foland,Wayne_H._Ward
Christian_Beecks,Max_Berrendorf
Bin_Dong_0002,Teng_Wang,Houjun_Tang,Quincey_Koziol,Kesheng_Wu,Suren_Byna
Ming_Chuan_Yang,Meng_Chang_Chen
Leonardo_Kuffo,Carmen_Vaca,Edgar_Izquierdo,Juan_Carlos_Bustamante_0003
Maria_Cristina_Vale_Tavares,Paulo_S._C._Alencar,Donald_D._Cowan
Selim_Ozcan,Ahmet_Fatih_Mustacoglu
Kodai_Sasaki,Yui_Hirose,Eiichi_Umehara,Hirohiko_Suwa,Yuki_Ogawa,Tatsuo_Yamashita,Kota_Tsubouchi
Patrick_Straus,Markus_Schmitz,René_Wöstmann,Jochen_Deuse
Xinyu_Chen,Qiang_Guan,Li-Ta_Lo,Simon_Su,Zhengyong_Ren,James_Paul_Ahrens,Trilce_Estrada
Fang_Jin,Hongchao_Liu
Chitralekha_Bhat,Sunil_Kumar_Kopparapu
Shuai_Wang_0020,Guangyi_Lv,Sahisnu_Mazumder,Geli_Fei,Bing_Liu_0001
Dev_Shah,Haruna_Isah,Farhana_H._Zulkernine
Antony_Jerome,Tatsuya_Ishii,Haichun_Chen
Tim_Hutchinson
Anh_T._Pham,Jing_Xi
Artem_Lutov,Soheil_Roshankish,Mourad_Khayati,Philippe_Cudré-Mauroux
Po-Yen_Wu,Pangfeng_Liu,Jan-Jan_Wu
Emre_Unal,Sonali_Sen_Baidya,Rattikorn_Hewett
Jieyang_Chen,Qiang_Guan,Xin_Liang_0001,Paul_Bryant,Patricia_Grubel,Allen_McPherson,Li-Ta_Lo,Timothy_Randles,Zizhong_Chen,James_Paul_Ahrens
Scott_Freitas,Nan_Cao,Yinglong_Xia,Duen_Horng_(Polo)_Chau,Hanghang_Tong
Sungchul_Lee,Ju-Yeon_Jo,Yoohwan_Kim
Anisha_Agarwal,Rafael_Dowsley,Nicholas_D._McKinney,Dongrui_Wu,Chin-Teng_Lin,Martine_De_Cock,Anderson_C._A._Nascimento
Jin-Woo_Lee,Seok-Won_Chang
Xi_Yang,Yuan_Zhang,Min_Chi
Mike_Bryant,Linda_Reijnhoudt,Boyan_Simeonov
Amirreza_Niakanlahiji,Jinpeng_Wei,Bei-Tseng_Chu
Emre_Yigitoglu,Mehmet_Emre_Gursoy,Ling_Liu_0001,Margaret_Loper,Bhuvan_Bamba,Kisung_Lee
Mark_Lokanan
Tianyi_Zhao,Shengcai_Liao,Zhen_Lei
Takuya_Ueoka,Akira_Ishii
Ibrahim_Y._Abualhaol,Rafael_Falcon,Rami_S._Abielmona,Emil_M._Petriu
Jabir_Alshehabi_Al-Ani,Maria_Fasli
Anthony_F._Breitzman
Jacob_D._Moorman,Qinyi_Chen,Thomas_K._Tu,Zachary_M._Boyd,Andrea_L._Bertozzi
Rituparna_Khan,Michael_N._Gubanov
Keven_Richly
Fady_Medhat,Mahnaz_Mohammadi,Sardar_F._Jaf,Chris_G._Willcocks,Toby_P._Breckon,Peter_Matthews,Andrew_Stephen_McGough,Georgios_Theodoropoulos_0001,Boguslaw_Obara
Antonio_M._Rinaldi,Cristiano_Russo
Aravind_Ravi,Sangaralingam_Kajanan,Anindya_Datta
Zhanglin_Peng,Lingyun_Wu,Jiamin_Ren,Ruimao_Zhang,Ping_Luo_0002
Hamza_Mustafa,Eleazar_Leal,Le_Gruenwald
David_Deibe,Margarita_Amor,Ramon_Doallo
Kazuo_Yonekura,Hitoshi_Hattori,Taiji_Suzuki
Arjun_Ankathatti_Chandrashekara,Radha_Krishna_Murthy_Talluri,Sai_Swathi_Sivarathri,Reshmi_Mitra,Prasad_Calyam,Kerk_Kee,Satish_Nair
Wanchih_Chiang,Xiang_Liu,Tonglin_Zhang,Baijian_Yang
Saroj_Kumar_Dash,Ilya_Safro,Ravisutha_Sakrepatna_Srinivasamurthy
Hongjun_Yoon
Konstantinos_Giannousis,Konstantina_Bereta,Nikolaos_Karalis,Manolis_Koubarakis
Mari_Wigham,Liliana_Melgar,Roeland_Ordelman
Subhasree_Basu,Yi_Han_Victoria_Chua,Mei_Wah_Lee,Wanyu_Geraldine_Lim,Tomasz_Maszczyk,Zheng_Guo,Justin_Dauwels
Ayan_Kumar_Bhowmick,G._Sai_Bharath_Chandra,Yogesh_Singh,Bivas_Mitra
Jack_Gilcrest,Arthur_Carvalho
Cristian_C._Garzon-Alfonso,Manuel_Rodríguez-Martínez
Takeshi_Yoshimura,Tatsuhiro_Chiba,Hiroshi_Horii
Rahmi_Arda_Aral,Seref_Recep_Keskin,Mahmut_Kaya,Murat_Haciomeroglu
Emmi_Bevensee,Alexander_Reid_Ross
Yaya_Sylla,Pierre_Morizet-Mahoudeaux
Shahram_Ghandeharizadeh,Haoyu_Huang
Kathleen_Joslyn,John_Lipor
Michal_Siedlaczek,Qi_Wang,Yen-Yu_Chen,Torsten_Suel
Huang_Li,Shiaofen_Fang,Snehasis_Mukhopadhyay,Andrew_J._Saykin,Li_Shen_0001
Alister_Johnson
Moitrayee_Chatterjee,Akbar_Siami_Namin,Prerit_Datta
Aleksey_Charapko,Ailidani_Ailijiang,Murat_Demirbas
Gangotree_Chakma,Shaan_Awasthi
Seiki_Miyamoto,Takumi_Zamami,Hayato_Yamana
Char_Sample,Connie_Justice,Emily_Darraj
Masanori_Fujita,Kenta_Ishido,Hiroto_Inoue,Takao_Terano
Michel_de_Rougemont,Guillaume_Vimont
Alina_Campan,Tobel_Atnafu,Traian_Marius_Truta,Joseph_Nolan
Tao_Li_0019,Kantapon_Kaewtip,Jianxiong_Feng,Lei_Lin
Amirhossein_Aleyasen,Mohamed_A._Soliman,Lyublena_Antova,F._Michael_Waas,Marianne_Winslett
Md._S._Q._Zulkar_Nine,Luigi_Di_Tacchio,Asif_Imran,Tevfik_Kosar,Muhammed_Fatih_Bulut,Jinho_Hwang
Bokyoon_Na,Geoffrey_C._Fox
Dhaval_Patel,Lam_M._Nguyen,Akshay_Rangamani,Shrey_Shrivastava,Jayant_Kalagnanam
Bing_He,Dian_Zhang,Siyuan_Liu,Hao_Liu_0026,Dawei_Han,Lionel_M._Ni
Ovidiu_Dan,Vaibhav_Parikh,Brian_D._Davison_0001
Tomasz_Miksa,João_Manuel_Fernandes_Cardoso,José_Luis_Borbinha
Zhen_Wang,Mulya_Agung,Ryusuke_Egawa,Reiji_Suda,Hiroyuki_Takizawa
Ankesh_Anand,Kshitij_Gorde,Joel_Ruben_Antony_Moniz,Noseong_Park,Tanmoy_Chakraborty_0002,Bei-Tseng_Chu
Justin_Sybrandt,Michael_Shtutman,Ilya_Safro
Wei-Lun_Chang
Hannu_Reittu,Lasse_Leskelä,Tomi_Räty,Marco_Fiorucci
Edouard_Ngor_Sarr,Ousmane_Sall,Aminata_Maiga,Lamine_Faty,Reine_Marie_Ndéla_Marone
Merve_Astekin,Harun_Zengin,Hasan_Sözer
Jinfeng_Yi,Qi_Lei,Junchi_Yan,Wei_Sun
TonTon_Hsien-De_Huang,Hung-Yu_Kao
Zhanglin_Peng,Jiamin_Ren,Ruimao_Zhang,Lingyun_Wu,Xinjiang_Wang,Ping_Luo_0002
Ragini_Gokhale,Maria_Fasli
Yeongro_Yun,Youngseok_Park,Chanhee_Woo,Sejoon_Lim
Dazhi_Yang,Allan_N._Zhang
Vahid_Kayvanfar,Shaya_Sheikh,G._M._Komaki
Alok_Tripathy,Fred_Hohman,Duen_Horng_Chau,Oded_Green
Nicolai_Pogrebnyakov
Engin_Arslan,Ahmed_Alhussen
Botao_Peng,Panagiota_Fatourou,Themis_Palpanas
Ivens_Portugal,Paulo_S._C._Alencar,Donald_D._Cowan
Md_Mosharaf_Hossain,Thomas_M._Hines,Sheikh_Khaled_Ghafoor,Sheikh_Rabiul_Islam,Ramakrishnan_Kannan,Sreenivas_R._Sukumar
Hankui_Peng,Nicos_G._Pavlidis,Idris_A._Eckley,Ioannis_Tsalamanis
Dana_Warmsley,Jiejun_Xu,Tsai-Ching_Lu
Kshitij_Bantupalli,Ying_Xie
Christopher_A._Lee
Elena_Baralis,Paolo_Garza,Eliana_Pastor
Wei_Quan,Zheng_Chen_0010,Jianliang_Gao,Xiaohua_Tony_Hu
Zi_Wang,Yun_Guo,Haijun_Gong
Maryam_Rahnemoonfar,Hend_Alkittawi
Zhongping_Zhang,Tianlang_Chen,Zheng_Zhou,Jiaxin_Li,Jiebo_Luo
Arun_Reddy_Nelakurthi,Ross_Maciejewski,Jingrui_He
Yoshifumi_Seki,Mitsuo_Yoshida_0001
Zheming_Jin,Hal_Finkel
Joseph_A._Cottam,Sumit_Purohit,Patrick_Mackey,George_Chin_Jr.
Yehezkel_S._Resheff,Moni_Shahar
Thanasis_Schoinas,Diba_Esbati
Nadeesha_Wijerathna,Masaki_Matsubara,Atsuyuki_Morishima
Jose_Antonio_Martinez_Torres,Byron_J._Gao
Soudabeh_Barghi,Lalet_Scaria,Ali_Salari,Tristan_Glatard
Nicholas_Pantic,Mohammad_Iftekhar_Husain
Zheng_Liu_0001,Ke-Jia_Chen,Yanwen_Qu,Shuting_Guo,Chi-Yu_Liu,Chengbin_Jia
Ian_Perera,Jena_D._Hwang,Kevin_Bayas,Bonnie_J._Dorr,Yorick_Wilks
Zhongfang_Zhuang,Xiangnan_Kong,Elke_A._Rundensteiner,Aditya_Arora,Jihane_Zouaoui
Lei_Zhang,Liang_Zhao,Xuchao_Zhang,Wenmo_Kong,Zitong_Sheng,Chang-Tien_Lu
R._Uday_Kiran,Amulya_Kotni,P._Krishna_Reddy,Masashi_Toyoda,Subhash_Bhalla,Masaru_Kitsuregawa
Yoshihisa_Udagawa
Raaghavi_Sivaguru,Chhaya_Choudhary,Bin_Yu,Vadym_Tymchenko,Anderson_C._A._Nascimento,Martine_De_Cock
Tzung-Pei_Hong,Chia-Che_Li,Shyue-Liang_Wang,Jerry_Chun-Wei_Lin
Liang_Bao,Xin_Liu_0002,Weizhao_Chen
Shunxing_Bao,Prasanna_Parvathaneni,Yuankai_Huo,Yogesh_D._Barve,Andrew_J._Plassard,Yuang_Yao,Hongyang_Sun,Ilwoo_Lyu,David_H._Zald,Bennett_A._Landman,Aniruddha_S._Gokhale
Lukas_Probst,Fabian_Rauschenbach,Heiko_Schuldt,Philipp_Seidenschwarz,Martin_Rumo
Jian_Wu_0006,Bharath_Kandimalla,Shaurya_Rohatgi,Athar_Sefid,Jianyu_Mao,C._Lee_Giles
Chenxiao_Jin,Bo_Liu,Wei_Qi,Juan_Qin
Aidong_Zhang
Apostolos_Pyrgelis,Nicolas_Kourtellis,Ilias_Leontiadis,Joan_Serrà,Claudio_Soriente
Harsh_Nilesh_Pathak,Xinxin_Li,Shervin_Minaee,Brooke_Cowan
Misbah_Khan,Narayanan_Krishnamoorthy,Leila_Jalali,Rahul_Biswas
Deepak_Ajwani,Bilyana_Taneva,Sourav_Dutta_0001,Patrick_K._Nicholson,Ghasem_Heyrani-Nobari,Alessandra_Sala
Yang_Han,Jacqueline_C._K._Lam,Victor_O._K._Li
Keven_Richly
Juan_Rodriguez,Torsten_Suel
Hong_Yu_0007,Jisen_Yang,Xiaofang_Chen,Zhong_Zou,Guoyin_Wang_0001,Tao_Sang
Junhua_Ding,XinChuan_Li
Sara_Amini,Vahid_Noroozi,Sara_Bahaadini,Philip_S._Yu,Chris_Kanich
Julián_David_Arias-Londoño,Jorge_Andrés_Gómez_García,Laureano_Moro-Velázquez,Juan_Ignacio_Godino-Llorente
Yasuhiro_Fujiwara,Junya_Arai,Sekitoshi_Kanai,Yasutoshi_Ida,Naonori_Ueda
Trung-Dung_Le,Verena_Kantere,Laurent_d'Orazio
Florian_Kluger,Christoph_Reinders,Kevin_Raetz,Philipp_Schelske,Bastian_Wandt,Hanno_Ackermann,Bodo_Rosenhahn
Ryan_A._Rossi,Rong_Zhou_0001,Nesreen_K._Ahmed,Hoda_Eldardiry
Nichoalas_E._Herald,Michael_W._David
Ye_Liu_0006,Jiawei_Zhang_0001,Chenwei_Zhang,Philip_S._Yu
Yasitha_Warahena_Liyanage,Charalampos_Chelmis,Daphney-Stavroula_Zois
Linglan_Zhang,Weina_Meng,Ailin_Chen,Mei_Mei,Ying_Liu
Ghodrat_Aalipour,Pranav_Kumar,Santosh_Aditham,Trung_Nguyen,Aditya_Sood
Md_Abdul_Motaleb_Faysal,Shaikh_Arifuzzaman
Iouliana_Litou,Vana_Kalogeraki
Sotiris_K._Tasoulis,Aristidis_G._Vrahatis,Spiros_V._Georgakopoulos,Vassilis_P._Plagianakos
Katherine_Scott,Venkata._N._P._Vemuri,Hunter_Jackson
Yu-Min_Chung,Chuan-Shen_Hu,Austin_Lawson,Clifford_Smyth
Wenzhe_Wang,Bin_Wu,Sixiong_Yang,Zhixiang_Wang
Juan_Lin,Hui_Zhang_0006
Utsav_Sheth,Sanghamitra_Dutta,Malhar_Chaudhari,Haewon_Jeong,Yaoqing_Yang,Jukka_Kohonen,Teemu_Roos,Pulkit_Grover
Ibrahim_Almubark,Lin-Ching_Chang,Rahsaan_J._Holley,iian_Black,Ji_Chen,Evan_Chan,Alexander_Dromerick,Peter_S._Lum
Hongfu_Liu,Ziming_Huang,Qi_Chen,Mingqin_Li,Yun_Fu_0001,Lintao_Zhang
Supadchaya_Puangpontip,Rattikorn_Hewett
Daniel_Justus,John_Brennan,Stephen_Bonner,Andrew_Stephen_McGough
Kangsoo_Jung,Jaewon_Kim,Youngjun_Kim,Seog_Park
Yeon-sup_Lim,Mudhakar_Srivatsa,Supriyo_Chakraborty,Ian_J._Taylor
Umar_Aftab,Ghazanfar_Farooq_Siddiqui
Jianjun_Zheng,Akbar_Siami_Namin
Umar_Albalawi
Hossein_Hamooni,Abdullah_Mueen
Kanika_Binzani,Jin_Soung_Yoo
Luke_Wolcott,William_Clements,Prasad_Saripalli
Peng_Xu,Dalin_Chen,Xu_Liu,Jonathan_Loo
Zong-Ying_Chuang,Xiao-Tong_Yu,Ji-Ying_Chen,Yi-Te_Hsu,Zhezhuang_Xu,Chi-Te_Wang,Feng-Chuan_Lin,Shih-Hau_Fang
Antonio_Candelieri,Wenbin_Zhang,Enza_Messina,Francesco_Archetti
Tomoya_Mikami,Masaki_Matsubara,Takashi_Harada,Atsuyuki_Morishima
Tan_Tran,Lin-Ching_Chang,Ibrahim_Almubark,Elaine_M._Bochniewicz,Liqi_Shu,Peter_S._Lum,Alexander_Dromerick
Yohei_Ohkawa,Shuto_Kawabata,Chen_Zhao,Wenbin_Niu,Youchao_Lin,Takehito_Utsuro,Yasuhide_Kawada
Tarek_Menouer,Patrice_Darmon
Vung_Pham,Vinh_T._Nguyen,Tommy_Dang
Anindya_Moitra,Nicholas_O._Malott,Philip_A._Wilsey
Min-Cheol_Kwon,Hanjong_You,Jeongung_Kim,Sunwoong_Choi
Shuaijun_Ge,Guixiang_Ma,Sihong_Xie,Philip_S._Yu
Joewie_J._Koh,Barton_Rhodes
Paras_Dahal
Loredana_Caruccio,Domenico_Desiato,Giuseppe_Polese
Antonios_Nestoras
Jonathan_Larson,Bryan_Tower,Duane_Hadfield,Darren_Edge,Christopher_M._White
Chandra_Mouli_Madhav_Kotteti,Xishuang_Dong,Lijun_Qian
Karan_Aggarwal,Onur_Atan,Ahmed_K._Farahat,Chi_Zhang,Kosta_Ristovski,Chetan_Gupta_0001
Christopher_Streiffer,Ramya_Raghavendra,Theophilus_Benson,Mudhakar_Srivatsa
Philipp_Zehnder,Dominik_Riemer
Josh_Gardner,Christopher_Brooks_0001,Juan_Miguel_L._Andres,Ryan_S._Baker
Haipei_Sun,Boxiang_Dong,Wendy_Hui_Wang,Ting_Yu,Zhan_Qin
Mustafizur_R._Shahid,Gregory_Blanc,Zonghua_Zhang,Hervé_Debar
Atoshum_Cahsai,Christos_Anagnostopoulos,Nikos_Ntarmos,Peter_Triantafillou
Wenqi_Cao,Ling_Liu_0001
Evgeny_Kharlamov,Francisco_Martín-Recuerda,Brandon_Perry,David_Cameron,Roar_Fjellheim,Arild_Waaler
Prerit_Datta,Akbar_Siami_Namin,Moitrayee_Chatterjee
Rachael_Tatman
Shi_Dong,Zlatan_Feric,Leiming_Yu,David_R._Kaeli,John_Meeker,Ingrid_Y._Padilla,José_Cordero,Carmen_Velez_Vega,Zaira_Rosario,Akram_Alshawabkeh
Vijaya_Krishna_Yalavarthi,Arijit_Khan
Yang_Zhou,Yan_Huang
Yasuko_Kawahata,Nozomi_Okano,Masaru_Higashi,Toshimichi_Wakabayashi,Akira_Ishii
Siya_Bao,Masao_Yanagisawa,Nozomu_Togawa
Mestan_Firat_Celiktug
Brennan_Cain,Zain_Merchant,Indira_Avendano,Dustin_Richmond,Ryan_Kastner
Jianliang_Gao,Chuqi_Lei,Ling_Tian,Yuan_Ling,Zheng_Chen_0010,Bo_Song
Yasutaka_Shindoh,Atsunori_Kanemura,Yusuke_Miyao
Hoda_Hamouda
Timo_Bingmann,Simon_Gog,Florian_Kurpicz
Xiaoqin_Zhang_0002,Qianqian_Liu,Di_Wang_0008,Jie_Hu,Nannan_Gu,Tianhao_Wang_0006
Mingyu_You,Xuanhui_Xu,Zheng_Wang
Shohei_Usui,Mitsuo_Yoshida_0001,Fujio_Toriumi
Rami_Ibrahim,M._Omair_Shafiq
Wenli_Sun,Changgee_Chang,Yize_Zhao,Qi_Long
George_Mathew,Steven_Thomas_Smith,John_Passarelli
Gregor_Engelmann,Gavin_Smith,James_Goulding
Mitsuaki_Obara,Takehiro_Kashiyama,Yoshihide_Sekimoto
Azadeh_Faroughi,Reza_Javidan,Marco_Mellia,Andrea_Morichetta_0002,Francesca_Soro,Martino_Trevisan
Ryan_Norman,Jason_Bolin,Edward_T._Powell,Sanket_Amin,John_Nacker
Mohammed_Alawad,S._M._Shamimul_Hasan,James_Blair_Christian,Georgia_D._Tourassi
Salima_Benbernou,Mourad_Ouziri
Bo_Tang_0016,Chuan_Yang,Long_Xiang,Jian_Zeng
Gautam_Pal,Gangmin_Li,Katie_Atkinson
Chenxiao_Wang,Zach_Arani,Le_Gruenwald,Laurent_d'Orazio
Samuel_Li,Talayeh_Razzaghi
Valentin_Kassarnig,Franz_Wotawa
Stephen_Bonner,John_Brennan,Ibad_Kureshi,Georgios_Theodoropoulos_0001,Andrew_Stephen_McGough,Boguslaw_Obara
Xujiang_Zhao,Feng_Chen_0001,Jin-Hee_Cho
Shuwen_Liang,Zhi_Qiao,Jacob_Hochstetler,Song_Huang,Song_Fu,Weisong_Shi,Devesh_Tiwari,Hsing-Bung_Chen,Bradley_W._Settlemyer,David_Richard_Montoya
Ambika_Shrestha_Chitrakar,Slobodan_Petrovic
Haonan_Fan,Hai-Miao_Hu,Rong_Wang,Yugui_Zhang
Zihao_Xu,Mariam_Salloum
Jianbin_Lin,Zhiqiang_Zhang_0012,Jun_Zhou_0011,Xiaolong_Li_0005,Jingli_Fang,Yanming_Fang,Quan_Yu,Yuan_(Alan)_Qi
Vahid_Behzadan,Carlos_Aguirre,Avishek_Bose,William_H._Hsu
Yingruo_Fan,Jacqueline_C._K._Lam,Victor_O._K._Li
Panagiotis_Nikitopoulos,Aris-Iakovos_Paraskevopoulos,Christos_Doulkeridis,Nikos_Pelekis,Yannis_Theodoridis
Feras_Naser
Victoria_L._Lemieux,Tyler_D._Smith
Yang_Zhou_0001,Amnay_Amimeur,Chao_Jiang,Dejing_Dou,Ruoming_Jin,Pengwei_Wang
Sisheng_Liang,Long_H._Nguyen,Fang_Jin
Frank_Schoeneman,Jaroslaw_Zola
Rong_Wen,Wenjing_Yan
Xin_Liang_0001,Sheng_Di,Dingwen_Tao,Sihuan_Li,Shaomeng_Li,Hanqi_Guo_0001,Zizhong_Chen,Franck_Cappello
Rishi_Chhatwal,Peter_Gronvall,Nathaniel_Huber-Fliflet,Robert_Keeling,Jianping_Zhang,Haozhen_Zhao
Angel_M._Robles-Cordero,William_J._Zayas,Yesem_Kurt-Peker
João_Eduardo_Ferreira,Jose_Antonio_Visintin,Jun_Okamoto,Mauro_César_Bernardes,Adriano_Paterlini,Alexander_Csoka_Roque,Moises_Ramalho_Miguel
Yiu-Chang_Lin,Ankur_Datta,Giuseppe_Di_Fabbrizio
Minh-Son_Dao,Koji_Zettsu
Sha_Lu,Lin_Liu_0003,Jiuyong_Li,Thuc_Duy_Le
Ying_Li_0001,Ting_Jin,Meng_Xi,Shengpeng_Liu,Zhiling_Luo
Raghava_Rao_Mukkamala,Ravi_Vatrapu,Pradeep_Kumar_Ray,Gora_Sengupta,Sankar_Halder
Ranjini_Subramanian,Hui_Zhang_0006
Ying_Zhong,Masaki_Matsubara,Atsuyuki_Morishima
Kerk_F._Kee,Jamie_C._McCain
Hangu_Yeo
Dazhi_Yang,Allan_N._Zhang
Yuanchun_Li,Ziyue_Yang,Yao_Guo_0001,Xiangqun_Chen,Yuvraj_Agarwal,Jason_I._Hong
Wanghu_Chen,Xiaoyan_Liang,Jing_Li,Hongwu_Qin,Yuxiang_Mu,Jianwu_Wang
Christian_Mayer,Ruben_Mayer,Sukanya_Bhowmik,Lukas_Epple,Kurt_Rothermel
Miro_Hodak,David_Ellison,Peter_Seidel,Ajay_Dholakia
Dinesh_Singh_0001,C._Krishna_Mohan
Carson_K._Leung,Calvin_S._H._Hoi,Adam_G._M._Pazdor,Bryan_H._Wodi,Alfredo_Cuzzocrea
Jun_Wu,Jingrui_He,Yongming_Liu
Chen_Zheng,Lei_Wang_0004,Sally_A._McKee,Lixin_Zhang_0002,Hainan_Ye,Jianfeng_Zhan
Bo_Li,Omid_Sarbishei,Hosein_Nourani,Tristan_Glatard
Yue_Cheng,Ali_Anwar,Xuejing_Duan
Quanchang_Qi,Guangming_Lu,Jun_Zhang,Lichun_Yang,Haishan_Liu
Rachel_Huang,Jonathan_Pedoeem,Cuixian_Chen
Abdullah_Alfarrarjeh,Dweep_Trivedi,Seon_Ho_Kim,Cyrus_Shahabi
Wensheng_Gan,Jerry_Chun-Wei_Lin,Han-Chieh_Chao,Shyue-Liang_Wang,Philip_S._Yu
Ivens_Portugal,Paulo_S._C._Alencar,Donald_D._Cowan
Shi_Dong,Zlatan_Feric,Xiangyu_Li,Sheikh_Mokhlesur_Rahman,Guangyu_Li,Chieh_Wu,April_Z._Gu,Jennifer_G._Dy,David_R._Kaeli,John_Meeker,Ingrid_Y._Padilla,José_Cordero,Carmen_Velez_Vega,Zaira_Rosario,Akram_Alshawabkeh
Tao_Wang
Qingyang_Li,Zhiwen_Yu_0001,Bin_Guo_0001,Xinjiang_Lu
Masoumeh_Izadi,Aiden_Chia,Bernard_Cheng,Shangjing_Wu
Michael_Thomas_Wojnowicz,Xuan_Zhao
Xiancai_Tian,Baihua_Zheng
Tobias_Skovgaard_Jepsen,Christian_S._Jensen,Thomas_Dyhre_Nielsen,Kristian_Torp
Tilemachos_Pechlivanoglou,Manos_Papagelis
Abid_Jamil,Kashif_Asif,Zikra_Ghulam,Muhammad_Kashif_Nazir,Syed_Mudassar_Alam,Rehan_Ashraf
Sharafat_Ibn_Mollah_Mosharraf,Muhammad_Abdullah_Adnan
Marx_L._Viana,Lauro_Caetano,Francisco_J._P._Cunha,Paulo_S._C._Alencar,Carlos_Lucena
Kareem_S._Aggour,Alex_Gittens,Bülent_Yener
Benjamin_Schreck,Shankar_Mallapur,Sarvesh_Damle,Nitin_John_James,Sanjeev_Vohra,Rajendra_Prasad,Kalyan_Veeramachaneni
Xuhui_Chen,Jinlong_Ji,Changqing_Luo,Weixian_Liao,Pan_Li_0001
Ryan_Cox,Sohan_Shah,William_Frederick,Tammie_Nelson,Will_Thomas,Greg_Jansen,Noah_Dibert,Michael_Kurtz,Richard_Marciano
Hamid_Karimi,Jiliang_Tang,Yanen_Li
Maria_Stefan,Jose_G._Lopez,Rasmus_L._Olsen
Sihyun_Jeong,Chong-kwon_Kim
Masafumi_Oyamada
Khushmeen_Sakloth,Wesley_Beckner,Jim_Pfaendtner,Garrett_B._Goh
Ishan_Jindal,Zhiwei_(Tony)_Qin,Xuewen_Chen,Matthew_S._Nokleby,Jieping_Ye
Hidehiko_Shishido,Emi_Kawasaki,Yutaka_Ito,Youhei_Kawamura,Toshiya_Matsui,Itaru_Kitahara
Raymond_A._Hansen,Kathryn_C._Seigfried-Spellar,Seunghee_Lee,Siddarth_S._Chowdhury,Niveah_Abraham,John_A._Springer,Baijian_Yang,Marcus_K._Rogers
Huaglory_Tianfield
Hsing-bung_H._B._Chen
Taejoon_Kim,Sang_C._Suh,Hyunjoo_Kim,Jonghyun_Kim,Jinoh_Kim
Wenbin_Zhang,Jianwu_Wang,Daeho_Jin,Lazaros_Oreopoulos,Zhibo_Zhang
Shilpa_Balan,Tejas_Agara_Chandrakumar,Sohong_Chakraborty
Diego_F._Rueda,Dahyr_Vergara,David_Reniz
Hannah_Gibilisco,Michael_Laubenberger,Valerii_Spiridonov,Jacob_Belga,Jason_O._Hallstrom,Paul_R._Peluso
Lin_Huo,Qin_Bao,Xiaoning_Cui
Darren_Edge,Jonathan_Larson,Markus_Mobius,Christopher_M._White
Jinlong_Hu,Yi_Zhuang,Jiang_Yang,Lei_Lei,Minjie_Huang,Runchao_Zhu,Shoubin_Dong
Shaofeng_Yang,Ryosuke_Shibasaki,Yoshiki_Ogawa,Koji_Ikeuchi,Yuki_Akiyama
Ahmet_Furkan_Aydogan,Bing_Zhou_0002
Edmon_Begoli,Kris_Brown,Sudarshan_Srinivas,Suzanne_Tamang
Kazuma_Kusu,Kenji_Hatano
Sarah_Khaled,Neamat_El-Tazi,Hoda_M._O._Mokhtar
Dhanya_Jothimani,Can_Kavaklioglu,Ayse_Basar
Maryem_Ait_El_Hadj,Mohammed_Erradi,Ahmed_Khoumsi,Yahya_Benkaouz
Ignacio_Arnaldo,Ankit_Arun,Sumeeth_Kyathanahalli,Kalyan_Veeramachaneni
Isuf_Deliu,Carl_Leichter,Katrin_Franke
Julia_Hocket,Yaguang_Liu,Yifang_Wei,Lisa_Singh,Nathan_Schneider
Bo_Beth_Sun,Eric_Zielonka,Aleksandr_Fritz,Matthew_Schofield,Brennan_Ringel,Brendan_Armstrong,Shen-Shyang_Ho,Anthony_F._Breitzman,Jason_Snouffer,Jean_Kirschner,Kimberly_Davis
Dheeraj_Kumar,Takahiro_Yabe,Satish_V._Ukkusuri
Kun_Su,Yu_Xiong,Li_Qi,Yu_Xia,Baisong_Li,Lin_Yang,Qin_Li,Wenge_Tang,Xian_Li,Xiaowen_Ruan,Shaofeng_Lu,Xianxian_Chen,Chaobo_Shen,Jiaying_Xu,Liang_Xu,Mei_Han,Jing_Xiao_0006
Chae-Soo_Kim,Seung-Beom_Son
Jeremy_Pickens,Thomas_C._Gricks,Andrew_Bye
Yuvraj_S._Sethi,Akash_R._Nambiar
Amit_Gajbhiye,Sardar_F._Jaf,Noura_Al_Moubayed,Steven_Bradley,A._Stephen_McGough
Mateusz_Przyborowski,Tomasz_Tajmajer,Lukasz_Grad,Andrzej_Janusz,Piotr_Biczyk,Dominik_Slezak
Charbel_El_Kaed,Victor_Danilchenko,François_Delpech,John_Brodeur,Alexis_Radisson
Minh_Tuan_Doan,Jianzhong_Qi_0001,Sutharshan_Rajasegarar,Christopher_Leckie
Muhammad_Imran_Khan_0001,Barry_O'Sullivan,Simon_N._Foley
Sounman_Hong,Youngrok_Kim,Jeongin_Park
Asif_Iqbal,Andrii_Shalaginov,Farhan_Mahmood
Xiangnan_Ren,Olivier_Curé,Hubert_Naacke,Guohui_Xiao_0001
Tor-Morten_Grønli,Benjamin_Flesch,Raghava_Rao_Mukkamala,Ravi_Vatrapu,Sindre_Klavestad,Herman_Bergner
Weijia_Xu,Ruizhu_Huang,Yige_Wang
Lukasz_Korycki,Bartosz_Krawczyk
Marco_Vogt_0001,Alexander_Stiemer,Heiko_Schuldt
Jérémie_Rappaz,Michele_Catasta,Robert_West_0001,Karl_Aberer
Jialun_Aaron_Jiang,Jed_R._Brubaker
Casey_Fiesler,Jialun_Aaron_Jiang,Joshua_McCann,Kyle_Frye,Jed_R._Brubaker
Stewart_Whiting,Omar_Alonso,Vasileios_Kandylas,Serge-Eric_Tremblay
Benjamin_Cabrera,Björn_Ross,Marielle_Dado,Maritta_Heisel
Manoel_Horta_Ribeiro,Pedro_H._Calais,Yuri_A._Santos,Virgílio_A._F._Almeida,Wagner_Meira_Jr.
Siqi_Wu,Marian-Andrei_Rizoiu,Lexing_Xie
Yu-i_Ha,Jeongmin_Kim,Donghyeon_Won,Meeyoung_Cha,Jungseock_Joo
Amir_Khatibi,Fabiano_Belém,Ana_P._Silva,Dennis_E._Shasha,Marcos_André_Gonçalves
Antigoni-Maria_Founta,Constantinos_Djouvas,Despoina_Chatzakou,Ilias_Leontiadis,Jeremy_Blackburn,Gianluca_Stringhini,Athena_Vakali,Michael_Sirivianos,Nicolas_Kourtellis
Brian_C._Keegan
Pik-Mai_Hui,Chengcheng_Shao,Alessandro_Flammini,Filippo_Menczer,Giovanni_Luca_Ciampaglia
Damilola_Ibosiola,Benjamin_Steer,Álvaro_García-Recuero,Gianluca_Stringhini,Steve_Uhlig,Gareth_Tyson
Chenhao_Tan
Mai_ElSherief,Vivek_Kulkarni,Dana_Nguyen,William_Yang_Wang,Elizabeth_M._Belding
Hamed_Nilforoshan,Eugene_Wu_0002
Weijian_Li,Yuxiao_Chen,Tianran_Hu,Jiebo_Luo
Ann_Marie_White,Linxiao_Bai,Christopher_Homan,Melanie_Funchess,Catherine_Cerulli,Amen_Ptah,Deepak_Pandita,Henry_A._Kautz
Mai_ElSherief,Shirin_Nilizadeh,Dana_Nguyen,Giovanni_Vigna,Elizabeth_M._Belding
Devin_Soni,Vivek_K._Singh
Amine_Trabelsi,Osmar_R._Zaïane
Elissa_M._Redmiles
Koustuv_Saha,Ingmar_Weber,Munmun_De_Choudhury
V._G._Vinod_Vydiswaran,Daniel_M._Romero,Xinyan_Zhao,Deahan_Yu,Iris_N._Gomez-Lopez,Jin_Xiu_Lu,Bradley_E._Iott,Ana_Baylin,Philippa_Clarke,Veronica_J._Berrocal,Robert_Goodspeed,Tiffany_C._Veinot
Yla_R._Tausczik,Mark_Boons
Tianran_Hu,Jiebo_Luo,Wei_Liu_0005
Dan_Vilenchik
Justin_Cheng,Jon_M._Kleinberg,Jure_Leskovec,David_Liben-Nowell,Bogdan_State,Karthik_Subbian,Lada_A._Adamic
Giovanni_Quattrone,Serena_Nicolazzo,Antonino_Nocera,Daniele_Quercia,Licia_Capra
Kate_Starbird,Ahmer_Arif,Tom_Wilson_0003,Katherine_Van_Koevering,Katya_Yefimova,Daniel_Scarnecchia
Keith_Burghardt,Tad_Hogg,Kristina_Lerman
Stefano_Cresci,Andrea_Cimino,Marco_Avvenuti,Maurizio_Tesconi,Felice_Dell'Orletta
Ruthwik_R._Junuthula,Kevin_S._Xu_0001,Vijay_K._Devabhaktuni
Firoj_Alam,Shafiq_R._Joty,Muhammad_Imran_0002
Guanliang_Chen,Jie_Yang,Claudia_Hauff,Geert-Jan_Houben
Markus_Rokicki,Christoph_Trattner,Eelco_Herder
Benjamin_D._Horne,Sara_Khedr,Sibel_Adali
Savvas_Zannettou,Jeremy_Blackburn,Emiliano_De_Cristofaro,Michael_Sirivianos,Gianluca_Stringhini
Nazanin_Alipourfard,Peter_G._Fennell,Kristina_Lerman
Anna_Kasunic,Geoff_Kaufman
Matteo_Zignani,Sabrina_Gaito,Gian_Paolo_Rossi_0001
Mattia_Samory,Tanushree_Mitra
Ping_Liu,Joshua_Guberman,Libby_Hemphill,Aron_Culotta
Guangyu_Li,Yong_Liu_0013,Bruno_Ribeiro_0001,Hao_Ding
Lindsay_Blackwell,Tianying_Chen,Sarita_Schoenebeck,Cliff_Lampe
Claudia_Flores-Saviaga,Brian_C._Keegan,Saiph_Savage
Oana_Balalau,Carlos_Castillo_0001,Mauro_Sozio
Zhi_Yang_0001,Yusi_Zhang,Binghui_Guo,Ben_Y._Zhao,Yafei_Dai
Mohammad_Akbari,Kunal_Relia,Anas_Elghafari,Rumi_Chunara
Joni_Salminen,Hind_Almerekhi,Milica_Milenkovic,Soon-Gyo_Jung,Jisun_An,Haewoon_Kwak,Bernard_J._Jansen
Giovanni_C._Santia,Jake_Ryland_Williams
Ivan_Smirnov
Nabil_Hossain,Thanh_Thuy_Trang_Tran,Henry_A._Kautz
Swapnil_Mishra,Marian-Andrei_Rizoiu,Lexing_Xie
Sajedul_Rahim_Talukder,Bogdan_Carbunar
Genevieve_Gorrell,Mark_A._Greenwood,Ian_Roberts,Diana_Maynard,Kalina_Bontcheva
Ansel_MacLaughlin,John_Wihbey,David_A._Smith
Diyi_Yang,Scott_Counts
Alireza_Karduni,Ryan_Wesslen,Sashank_Santhanam,Isaac_Cho,Svitlana_Volkova,Dustin_Arendt,Samira_Shaikh,Wenwen_Dou
Stefano_Cresci,Fabrizio_Lillo,Daniele_Regoli,Serena_Tardelli,Maurizio_Tesconi
Edward_L._Platt,Daniel_M._Romero
Beatrice_Perez,Mirco_Musolesi,Gianluca_Stringhini
Kokil_Jaidka,Anneke_Buffone,Johannes_C._Eichstaedt,Masoud_Rouhizadeh,Lyle_H._Ungar
Alexander_Robertson,Walid_Magdy,Sharon_Goldwater
Debanjan_Ghosh,Smaranda_Muresan
Shiori_Hironaka,Kosetsu_Tsukuda,Masahiro_Hamasaki,Masataka_Goto
Jiankai_Sun,Sobhan_Moosavi,Rajiv_Ramnath,Srinivasan_Parthasarathy_0001
Omar_Alonso,Vasileios_Kandylas,Serge-Eric_Tremblay
Dario_Pavllo,Tiziano_Piccardi,Robert_West_0001
Yi_Tay,Luu_Anh_Tuan,Siu_Cheung_Hui
Lucas_S._Oliveira,Pedro_O._S._Vaz_de_Melo,Marcelo_S._Amaral,José_Antônio_G._Pinho
Sarmistha_Dutta,Jennifer_Ma,Munmun_De_Choudhury
Lindsay_Reynolds,Shaomei_Wu
Firoj_Alam,Ferda_Ofli,Muhammad_Imran_0002
Ryan_Wesslen,Sagar_Nandu,Omar_Eltayeby,Tiffany_Gallicano,Sara_Levens,Min_Jiang,Samira_Shaikh
Emre_Kiciman,Scott_Counts,Melissa_Gasser
Alexandra_Olteanu,Carlos_Castillo_0001,Jeremy_Boy,Kush_R._Varshney
Pablo_Aragón,Diego_Sáez-Trumper,Miriam_Redi,Scott_A._Hale,Vicenç_Gómez,Andreas_Kaltenbrunner
Ophélie_Fraisier,Guillaume_Cabanac,Yoann_Pitarch,Romaric_Besançon,Mohand_Boughanem
Anastasia_Giachanou,Paolo_Rosso,Ida_Mele,Fabio_Crestani
Qinlan_Shen,Michael_Miller_Yoder,Yohan_Jo,Carolyn_Penstein_Rosé
Sindhu_Kiranmai_Ernala,Tristan_Labetoulle,Fred_Bane,Michael_L._Birnbaum,Asra_F._Rizvi,John_M._Kane,Munmun_De_Choudhury
Navya_Yarrabelly,Kamalakar_Karlapalem
Kristina_Gligoric,Ashton_Anderson,Robert_West_0001
Lydia_Manikonda,Subbarao_Kambhampati
Francesco_Rampazzo,Emilio_Zagheni,Ingmar_Weber,Maria_Rita_Testa,Francesco_C._Billari
Cheng_Li_0012,Xiaoxiao_Guo,Qiaozhu_Mei
Soon-Gyo_Jung,Jisun_An,Haewoon_Kwak,Joni_Salminen,Bernard_Jim_Jansen
Filipe_Nunes_Ribeiro,Lucas_Henrique_C._Lima,Fabrício_Benevenuto,Abhijnan_Chakraborty,Juhi_Kulshrestha,Mahmoudreza_Babaei,Krishna_P._Gummadi
Anil_Bandhakavi,Nirmalie_Wiratunga,Stewart_Massie,Rushi_Luhar
Kokil_Jaidka,Sharath_Chandra_Guntuku,Lyle_H._Ungar
Marzia_Antenore,Alessandro_Panconesi,Erisa_Terolli
Doris_Hoogeveen,Andrew_Bennett,Yitong_Li,Karin_M._Verspoor,Timothy_Baldwin
Karri_Haranko,Emilio_Zagheni,Kiran_Garimella,Ingmar_Weber
Shiqing_He,Allen_Yilun_Lin,Eytan_Adar,Brent_J._Hecht
Kiran_Garimella,Gareth_Tyson
Marian-Andrei_Rizoiu,Timothy_Graham_0001,Rui_Zhang,Yifei_Zhang,Robert_Ackland,Lexing_Xie
Elaheh_Momeni,Shanika_Karunasekera,Palash_Goyal,Kristina_Lerman
Alicia_L._Nobles,Caitlin_N._Dreisbach,Jessica_Keim-Malpass,Laura_E._Barnes
Soon-Gyo_Jung,Joni_O._Salminen,Jisun_An,Haewoon_Kwak,Bernard_J._Jansen
